Date,Exchange rate
2016-03-24,1.11644
2016-03-25,1.11624
2016-03-27,1.11571
2016-03-28,1.12007
2016-03-29,1.12892
2016-03-30,1.13327
2016-03-31,1.13785
2016-04-01,1.13899
2016-04-03,1.13946
2016-04-04,1.13865
2016-04-05,1.13805
2016-04-06,1.14001
2016-04-07,1.13668
2016-04-08,1.1395
2016-04-10,1.14047
2016-04-11,1.14102
2016-04-12,1.13831
2016-04-13,1.12779
2016-04-14,1.12651
2016-04-15,1.12823
2016-04-17,1.12975
2016-04-18,1.13077
2016-04-19,1.13583
2016-04-20,1.13022
2016-04-21,1.12902
2016-04-22,1.12227
2016-04-24,1.12312
2016-04-25,1.12664
2016-04-26,1.12959
2016-04-27,1.13264
2016-04-28,1.13571
2016-04-29,1.14503
2016-05-01,1.14608
2016-05-02,1.15234
2016-05-03,1.15008
2016-05-04,1.1491
2016-05-05,1.14004
2016-05-06,1.14021
2016-05-08,1.13853
2016-05-09,1.13832
2016-05-10,1.1373
2016-05-11,1.1424
2016-05-12,1.13742
2016-05-13,1.13097
2016-05-15,1.13172
2016-05-16,1.13151
2016-05-17,1.1314
2016-05-18,1.12195
2016-05-19,1.12019
2016-05-20,1.12222
2016-05-22,1.12204
2016-05-23,1.12129
2016-05-24,1.11352
2016-05-25,1.11549
2016-05-26,1.11915
2016-05-27,1.11116
2016-05-29,1.11082
2016-05-30,1.11475
2016-05-31,1.1134
2016-06-01,1.11875
2016-06-02,1.11515
2016-06-03,1.13658
2016-06-05,1.13512
2016-06-06,1.13627
2016-06-07,1.13557
2016-06-08,1.14024
2016-06-09,1.13097
2016-06-10,1.12498
2016-06-12,1.12381
2016-06-13,1.12877
2016-06-14,1.12103
2016-06-15,1.12611
2016-06-16,1.12696
2016-06-17,1.12732
2016-06-19,1.13469
2016-06-20,1.13216
2016-06-21,1.12494
2016-06-22,1.13256
2016-06-23,1.13328
2016-06-24,1.10913
2016-06-26,1.10392
2016-06-27,1.10137
2016-06-28,1.10753
2016-06-29,1.1122
2016-06-30,1.1103
2016-07-01,1.11365
2016-07-03,1.11273
2016-07-04,1.11444
2016-07-05,1.10635
2016-07-06,1.10968
2016-07-07,1.10636
2016-07-08,1.10497
2016-07-10,1.10439
2016-07-11,1.10567
2016-07-12,1.106
2016-07-13,1.10949
2016-07-14,1.11062
2016-07-15,1.10295
2016-07-17,1.10558
2016-07-18,1.10682
2016-07-19,1.10135
2016-07-20,1.10163
2016-07-21,1.1032
2016-07-22,1.09754
2016-07-24,1.0969
2016-07-25,1.09891
2016-07-26,1.09871
2016-07-27,1.10671
2016-07-28,1.10825
2016-07-29,1.11726
2016-07-31,1.11671
2016-08-01,1.11669
2016-08-02,1.12178
2016-08-03,1.11501
2016-08-04,1.11347
2016-08-05,1.10854
2016-08-07,1.10869
2016-08-08,1.1085
2016-08-09,1.11176
2016-08-10,1.1185
2016-08-11,1.11382
2016-08-12,1.11621
2016-08-14,1.11641
2016-08-15,1.11818
2016-08-16,1.12759
2016-08-17,1.12989
2016-08-18,1.13475
2016-08-19,1.13216
2016-08-21,1.12977
2016-08-22,1.13172
2016-08-23,1.13016
2016-08-24,1.12609
2016-08-25,1.12865
2016-08-26,1.11951
2016-08-28,1.11974
2016-08-29,1.11904
2016-08-30,1.11498
2016-08-31,1.11562
2016-09-01,1.11985
2016-09-02,1.11539
2016-09-04,1.1158
2016-09-05,1.11504
2016-09-06,1.12457
2016-09-07,1.12381
2016-09-08,1.12684
2016-09-09,1.12318
2016-09-11,1.12406
2016-09-12,1.12404
2016-09-13,1.12191
2016-09-14,1.1245
2016-09-15,1.12468
2016-09-16,1.11509
2016-09-18,1.11577
2016-09-19,1.11771
2016-09-20,1.1153
2016-09-21,1.1189
2016-09-22,1.12081
2016-09-23,1.12237
2016-09-25,1.12373
2016-09-26,1.125
2016-09-27,1.1217
2016-09-28,1.12233
2016-09-29,1.12186
2016-09-30,1.12392
2016-10-02,1.12328
2016-10-03,1.12091
2016-10-04,1.12091
2016-10-05,1.12059
2016-10-06,1.11418
2016-10-07,1.11986
2016-10-09,1.11945
2016-10-10,1.11405
2016-10-11,1.10573
2016-10-12,1.10103
2016-10-13,1.10479
2016-10-14,1.09715
2016-10-16,1.09656
2016-10-17,1.10109
2016-10-18,1.09746
2016-10-19,1.09744
2016-10-20,1.09293
2016-10-21,1.08818
2016-10-23,1.088
2016-10-24,1.08729
2016-10-25,1.08861
2016-10-26,1.09095
2016-10-27,1.0897
2016-10-28,1.09824
2016-10-30,1.0982
2016-10-31,1.09707
2016-11-01,1.10553
2016-11-02,1.10939
2016-11-03,1.10995
2016-11-04,1.11378
2016-11-06,1.10945
2016-11-07,1.1049
2016-11-08,1.10177
2016-11-09,1.09196
2016-11-10,1.08873
2016-11-11,1.08516
2016-11-13,1.08226
2016-11-14,1.07455
2016-11-15,1.07244
2016-11-16,1.07062
2016-11-17,1.0622
2016-11-18,1.05866
2016-11-20,1.0583
2016-11-21,1.06374
2016-11-22,1.06332
2016-11-23,1.05419
2016-11-24,1.05601
2016-11-25,1.05901
2016-11-27,1.06091
2016-11-28,1.06189
2016-11-29,1.06472
2016-11-30,1.05903
2016-12-01,1.06621
2016-12-02,1.06632
2016-12-04,1.05675
2016-12-05,1.07564
2016-12-06,1.07186
2016-12-07,1.07592
2016-12-08,1.06211
2016-12-09,1.05591
2016-12-11,1.0546
2016-12-12,1.06421
2016-12-13,1.06274
2016-12-14,1.05121
2016-12-15,1.04167
2016-12-16,1.04483
2016-12-18,1.04466
2016-12-19,1.04027
2016-12-20,1.03906
2016-12-21,1.04263
2016-12-22,1.04378
2016-12-23,1.04532
2016-12-25,1.04523
2016-12-26,1.04538
2016-12-27,1.04614
2016-12-28,1.04143
2016-12-29,1.05658
2016-12-30,1.0515
2017-01-01,1.0523
2017-01-02,1.04575
2017-01-03,1.04174
2017-01-04,1.04971
2017-01-05,1.06039
2017-01-06,1.0529
2017-01-08,1.05294
2017-01-09,1.05858
2017-01-10,1.05522
2017-01-11,1.05941
2017-01-12,1.06162
2017-01-13,1.0642
2017-01-15,1.06272
2017-01-16,1.06022
2017-01-17,1.06966
2017-01-18,1.0628
2017-01-19,1.06591
2017-01-20,1.0699
2017-01-22,1.07126
2017-01-23,1.07591
2017-01-24,1.07281
2017-01-25,1.07525
2017-01-26,1.06834
2017-01-27,1.06958
2017-01-29,1.07169
2017-01-30,1.07075
2017-01-31,1.08008
2017-02-01,1.07653
2017-02-02,1.07617
2017-02-03,1.07818
2017-02-05,1.07824
2017-02-06,1.0743
2017-02-07,1.06788
2017-02-08,1.06913
2017-02-09,1.06572
2017-02-10,1.06397
2017-02-12,1.06187
2017-02-13,1.05987
2017-02-14,1.05782
2017-02-15,1.0603
2017-02-16,1.06712
2017-02-17,1.06114
2017-02-19,1.06251
2017-02-20,1.06088
2017-02-21,1.0541
2017-02-22,1.05505
2017-02-23,1.05839
2017-02-24,1.05595
2017-02-26,1.0552
2017-02-27,1.05838
2017-02-28,1.05692
2017-03-01,1.05359
2017-03-02,1.0507
2017-03-03,1.06203
2017-03-05,1.06207
2017-03-06,1.05789
2017-03-07,1.05692
2017-03-08,1.05447
2017-03-09,1.05794
2017-03-10,1.06728
2017-03-12,1.06894
2017-03-13,1.06507
2017-03-14,1.06119
2017-03-15,1.07375
2017-03-16,1.07718
2017-03-17,1.07382
2017-03-19,1.0742
2017-03-20,1.07368
2017-03-21,1.08125
2017-03-22,1.07891
2017-03-23,1.0783
2017-03-24,1.07969
2017-03-26,1.08451
2017-03-27,1.08608
2017-03-28,1.08162
2017-03-29,1.07583
2017-03-30,1.06877
2017-03-31,1.06528
2017-04-02,1.06692
2017-04-03,1.06695
2017-04-04,1.06779
2017-04-05,1.06717
2017-04-06,1.06437
2017-04-07,1.05889
2017-04-09,1.05805
2017-04-10,1.05971
2017-04-11,1.06102
2017-04-12,1.06698
2017-04-13,1.06148
2017-04-14,1.06105
2017-04-16,1.06097
2017-04-17,1.06432
2017-04-18,1.07274
2017-04-19,1.07145
2017-04-20,1.07141
2017-04-21,1.07237
2017-04-23,1.08733
2017-04-24,1.08649
2017-04-25,1.09275
2017-04-26,1.09083
2017-04-27,1.0865
2017-04-28,1.08961
2017-04-30,1.09057
2017-05-01,1.09084
2017-05-02,1.09346
2017-05-03,1.0888
2017-05-04,1.09804
2017-05-05,1.0995
2017-05-07,1.09647
2017-05-08,1.09265
2017-05-09,1.08861
2017-05-10,1.08671
2017-05-11,1.08642
2017-05-12,1.0931
2017-05-14,1.09277
2017-05-15,1.09799
2017-05-16,1.10933
2017-05-17,1.11541
2017-05-18,1.11101
2017-05-19,1.12065
2017-05-21,1.12032
2017-05-22,1.12373
2017-05-23,1.11788
2017-05-24,1.12304
2017-05-25,1.121
2017-05-26,1.11799
2017-05-28,1.1176
2017-05-29,1.1129
2017-05-30,1.11728
2017-05-31,1.1239
2017-06-01,1.12128
2017-06-02,1.12825
2017-06-04,1.12772
2017-06-05,1.12573
2017-06-06,1.12702
2017-06-07,1.12554
2017-06-08,1.11883
2017-06-09,1.11941
2017-06-11,1.12016
2017-06-12,1.11973
2017-06-13,1.12091
2017-06-14,1.12129
2017-06-15,1.11486
2017-06-16,1.11968
2017-06-18,1.12039
2017-06-19,1.11445
2017-06-20,1.11363
2017-06-21,1.11667
2017-06-22,1.11497
2017-06-23,1.11918
2017-06-25,1.11997
2017-06-26,1.11828
2017-06-27,1.13369
2017-06-28,1.13782
2017-06-29,1.14394
2017-06-30,1.14251
2017-07-02,1.14232
2017-07-03,1.13723
2017-07-04,1.13595
2017-07-05,1.13464
2017-07-06,1.14212
2017-07-07,1.13996
2017-07-09,1.14034
2017-07-10,1.13963
2017-07-11,1.14738
2017-07-12,1.14186
2017-07-13,1.14045
2017-07-14,1.14685
2017-07-16,1.1474
2017-07-17,1.14732
2017-07-18,1.15478
2017-07-19,1.15287
2017-07-20,1.16283
2017-07-21,1.16622
2017-07-23,1.16814
2017-07-24,1.16384
2017-07-25,1.16444
2017-07-26,1.17316
2017-07-27,1.16898
2017-07-28,1.17478
2017-07-30,1.17468
2017-07-31,1.18208
2017-08-01,1.18109
2017-08-02,1.18514
2017-08-03,1.18822
2017-08-04,1.1773
2017-08-06,1.17769
2017-08-07,1.17995
2017-08-08,1.1754
2017-08-09,1.17631
2017-08-10,1.177
2017-08-11,1.18199
2017-08-13,1.18252
2017-08-14,1.17755
2017-08-15,1.17403
2017-08-16,1.17737
2017-08-17,1.17156
2017-08-18,1.17591
2017-08-20,1.17562
2017-08-21,1.18112
2017-08-22,1.17615
2017-08-23,1.18155
2017-08-24,1.17977
2017-08-25,1.19219
2017-08-27,1.19511
2017-08-28,1.19638
2017-08-29,1.19697
2017-08-30,1.18906
2017-08-31,1.19092
2017-09-01,1.18597
2017-09-03,1.18818
2017-09-04,1.18928
2017-09-05,1.19236
2017-09-06,1.19264
2017-09-07,1.20278
2017-09-08,1.20347
2017-09-10,1.20169
2017-09-11,1.19577
2017-09-12,1.19711
2017-09-13,1.18879
2017-09-14,1.1921
2017-09-15,1.19447
2017-09-17,1.19378
2017-09-18,1.196
2017-09-19,1.19925
2017-09-20,1.18743
2017-09-21,1.19447
2017-09-22,1.19466
2017-09-24,1.19267
2017-09-25,1.18555
2017-09-26,1.17838
2017-09-27,1.17497
2017-09-28,1.17812
2017-09-29,1.18137
2017-10-01,1.18079
2017-10-02,1.17315
2017-10-03,1.17477
2017-10-04,1.17566
2017-10-05,1.17138
2017-10-06,1.17299
2017-10-08,1.17424
2017-10-09,1.1741
2017-10-10,1.18134
2017-10-11,1.18641
2017-10-12,1.18309
2017-10-13,1.18191
2017-10-15,1.18145
2017-10-16,1.17945
2017-10-17,1.17711
2017-10-18,1.17942
2017-10-19,1.18484
2017-10-20,1.17817
2017-10-22,1.17546
2017-10-23,1.17548
2017-10-24,1.176
2017-10-25,1.18195
2017-10-26,1.16377
2017-10-27,1.16083
2017-10-29,1.16056
2017-10-30,1.16512
2017-10-31,1.16518
2017-11-01,1.16282
2017-11-02,1.16586
2017-11-03,1.1606
2017-11-05,1.16147
2017-11-06,1.16113
2017-11-07,1.16008
2017-11-08,1.1595
2017-11-09,1.16462
2017-11-10,1.16638
2017-11-12,1.16609
2017-11-13,1.16646
2017-11-14,1.17906
2017-11-15,1.17826
2017-11-16,1.17781
2017-11-17,1.17879
2017-11-19,1.17344
2017-11-20,1.17371
2017-11-21,1.17416
2017-11-22,1.18146
2017-11-23,1.18503
2017-11-24,1.19286
2017-11-26,1.19274
2017-11-27,1.19041
2017-11-28,1.18491
2017-11-29,1.1852
2017-11-30,1.18979
2017-12-01,1.18942
2017-12-03,1.18565
2017-12-04,1.18676
2017-12-05,1.18304
2017-12-06,1.18039
2017-12-07,1.17725
2017-12-08,1.1772
2017-12-10,1.17675
2017-12-11,1.17762
2017-12-12,1.17422
2017-12-13,1.18361
2017-12-14,1.17745
2017-12-15,1.17492
2017-12-17,1.17432
2017-12-18,1.17837
2017-12-19,1.18369
2017-12-20,1.18776
2017-12-21,1.18521
2017-12-22,1.18607
2017-12-24,1.18505
2017-12-25,1.1871
2017-12-26,1.18571
2017-12-27,1.19002
2017-12-28,1.19394
2017-12-29,1.19985
2018-01-01,1.20106
2018-01-02,1.20614
2018-01-03,1.20107
2018-01-04,1.20664
2018-01-05,1.20304
2018-01-07,1.2037
2018-01-08,1.19698
2018-01-09,1.19284
2018-01-10,1.19558
2018-01-11,1.20427
2018-01-12,1.21993
2018-01-14,1.21919
2018-01-15,1.22665
2018-01-16,1.22707
2018-01-17,1.21802
2018-01-18,1.2234
2018-01-19,1.22145
2018-01-21,1.2256
2018-01-22,1.22562
2018-01-23,1.23086
2018-01-24,1.23923
2018-01-25,1.23914
2018-01-26,1.24283
2018-01-28,1.24312
2018-01-29,1.23809
2018-01-30,1.24084
2018-01-31,1.24168
2018-02-01,1.25105
2018-02-02,1.24559
2018-02-04,1.24462
2018-02-05,1.23666
2018-02-06,1.23803
2018-02-07,1.227
2018-02-08,1.22606
2018-02-09,1.2251
2018-02-11,1.22522
2018-02-12,1.23004
2018-02-13,1.23536
2018-02-14,1.24681
2018-02-15,1.25027
2018-02-16,1.24041
2018-02-18,1.24117
2018-02-19,1.24002
2018-02-20,1.23353
2018-02-21,1.22804
2018-02-22,1.23256
2018-02-23,1.22937
2018-02-25,1.22883
2018-02-26,1.23149
2018-02-27,1.22259
2018-02-28,1.21915
2018-03-01,1.2271
2018-03-02,1.23186
2018-03-04,1.23176
2018-03-05,1.23365
2018-03-06,1.24155
2018-03-07,1.24122
2018-03-08,1.23067
2018-03-09,1.23041
2018-03-11,1.23084
2018-03-12,1.23384
2018-03-13,1.23928
2018-03-14,1.23747
2018-03-15,1.23062
2018-03-16,1.22889
2018-03-18,1.22807
2018-03-19,1.23365
2018-03-20,1.22482
2018-03-21,1.23463
2018-03-22,1.23239
2018-03-23,1.23522
2018-03-25,1.23541
2018-03-26,1.24572
2018-03-27,1.24087
2018-03-28,1.23125
2018-03-29,1.23018
2018-03-30,1.232
2018-04-01,1.23125
2018-04-02,1.22931
2018-04-03,1.22781
2018-04-04,1.22872
2018-04-05,1.22485
2018-04-06,1.22792
2018-04-08,1.22709
2018-04-09,1.23206
2018-04-10,1.23627
2018-04-11,1.23719
2018-04-12,1.23295
2018-04-13,1.23282
2018-04-15,1.23316
2018-04-16,1.23837
2018-04-17,1.23724
2018-04-18,1.23785
2018-04-19,1.2343
2018-04-20,1.22846
2018-04-22,1.22737
2018-04-23,1.22092
2018-04-24,1.22372
2018-04-25,1.21706
2018-04-26,1.21081
2018-04-27,1.21291
2018-04-29,1.21226
2018-04-30,1.20815
2018-05-01,1.1991
2018-05-02,1.19504
2018-05-03,1.19886
2018-05-04,1.1955
2018-05-06,1.19545
2018-05-07,1.19331
2018-05-08,1.18671
2018-05-09,1.18467
2018-05-10,1.19137
2018-05-11,1.19395
2018-05-13,1.19524
2018-05-14,1.19309
2018-05-15,1.18203
2018-05-16,1.18146
2018-05-17,1.179
2018-05-18,1.17689
2018-05-20,1.17651
2018-05-21,1.17899
2018-05-22,1.17878
2018-05-23,1.17091
2018-05-24,1.17219
2018-05-25,1.16478
2018-05-27,1.16884
2018-05-28,1.16261
2018-05-29,1.15375
2018-05-30,1.16646
2018-05-31,1.16922
2018-06-01,1.16584
2018-06-03,1.16672
2018-06-04,1.17
2018-06-05,1.17261
2018-06-06,1.17813
2018-06-07,1.17931
2018-06-08,1.17666
2018-06-10,1.17845
2018-06-11,1.17725
2018-06-12,1.17475
2018-06-13,1.18032
2018-06-14,1.15633
2018-06-15,1.16059
2018-06-17,1.1593
2018-06-18,1.16298
2018-06-19,1.15881
2018-06-20,1.15773
2018-06-21,1.16043
2018-06-22,1.16561
2018-06-24,1.166
2018-06-25,1.17009
2018-06-26,1.16493
2018-06-27,1.15629
2018-06-28,1.15634
2018-06-29,1.16847
2018-07-01,1.16786
2018-07-02,1.16415
2018-07-03,1.16589
2018-07-04,1.16601
2018-07-05,1.16918
2018-07-06,1.17444
2018-07-08,1.17517
2018-07-09,1.1756
2018-07-10,1.17279
2018-07-11,1.16749
2018-07-12,1.16638
2018-07-13,1.16843
2018-07-15,1.16783
2018-07-16,1.1709
2018-07-17,1.1653
2018-07-18,1.16449
2018-07-19,1.16544
2018-07-20,1.17196
2018-07-22,1.17403
2018-07-23,1.16934
2018-07-24,1.16845
2018-07-25,1.17379
2018-07-26,1.16437
2018-07-27,1.16559
2018-07-29,1.16591
2018-07-30,1.17071
2018-07-31,1.1689
2018-08-01,1.16631
2018-08-02,1.1585
2018-08-03,1.1567
2018-08-05,1.15615
2018-08-06,1.15579
2018-08-07,1.16029
2018-08-08,1.16092
2018-08-09,1.1524
2018-08-10,1.1409
2018-08-12,1.13946
2018-08-13,1.14004
2018-08-14,1.13466
2018-08-15,1.13416
2018-08-16,1.13718
2018-08-17,1.14379
2018-08-19,1.14378
2018-08-20,1.14918
2018-08-21,1.15759
2018-08-22,1.15857
2018-08-23,1.15419
2018-08-24,1.16205
2018-08-26,1.16451
2018-08-27,1.1684
2018-08-28,1.16932
2018-08-29,1.17093
2018-08-30,1.16654
2018-08-31,1.15997
2018-09-02,1.1598
2018-09-03,1.16138
2018-09-04,1.15871
2018-09-05,1.16344
2018-09-06,1.16198
2018-09-07,1.1552
2018-09-09,1.15607
2018-09-10,1.15935
2018-09-11,1.15955
2018-09-12,1.16253
2018-09-13,1.16911
2018-09-14,1.16227
2018-09-16,1.16234
2018-09-17,1.16685
2018-09-18,1.16775
2018-09-19,1.1674
2018-09-20,1.17755
2018-09-21,1.17473
2018-09-23,1.17485
2018-09-24,1.17523
2018-09-25,1.17628
2018-09-26,1.17469
2018-09-27,1.1636
2018-09-28,1.16019
2018-09-30,1.16052
2018-10-01,1.15769
2018-10-02,1.15503
2018-10-03,1.14764
2018-10-04,1.15173
2018-10-05,1.15174
2018-10-07,1.15238
2018-10-08,1.14941
2018-10-09,1.15046
2018-10-10,1.1533
2018-10-11,1.159
2018-10-12,1.15571
2018-10-14,1.15504
2018-10-15,1.15828
2018-10-16,1.15762
2018-10-17,1.15011
2018-10-18,1.14539
2018-10-19,1.15142
2018-10-21,1.15105
2018-10-22,1.14646
2018-10-23,1.14706
2018-10-24,1.13988
2018-10-25,1.13753
2018-10-26,1.14021
2018-10-28,1.1398
2018-10-29,1.13755
2018-10-30,1.13453
2018-10-31,1.13145
2018-11-01,1.14027
2018-11-02,1.1386
2018-11-04,1.13976
2018-11-05,1.14083
2018-11-06,1.1441
2018-11-07,1.14325
2018-11-08,1.13679
2018-11-09,1.13342
2018-11-11,1.13237
2018-11-12,1.12235
2018-11-13,1.13109
2018-11-14,1.13121
2018-11-15,1.13243
2018-11-16,1.14185
2018-11-18,1.14136
2018-11-19,1.1454
2018-11-20,1.13721
2018-11-21,1.13884
2018-11-22,1.14026
2018-11-23,1.13355
2018-11-25,1.13374
2018-11-26,1.13331
2018-11-27,1.12969
2018-11-28,1.13674
2018-11-29,1.13924
2018-11-30,1.13164
2018-12-02,1.13421
2018-12-03,1.13541
2018-12-04,1.13424
2018-12-05,1.13487
2018-12-06,1.13758
2018-12-07,1.13758
2018-12-09,1.13995
2018-12-10,1.13558
2018-12-11,1.13216
2018-12-12,1.13725
2018-12-13,1.1363
2018-12-14,1.13045
2018-12-16,1.13041
2018-12-17,1.13493
2018-12-18,1.13758
2018-12-19,1.13865
2018-12-20,1.14565
2018-12-21,1.13684
2018-12-23,1.13723
2018-12-24,1.13995
2018-12-25,1.14131
2018-12-26,1.13601
2018-12-27,1.14304
2018-12-28,1.14414
2018-12-30,1.14389
2018-12-31,1.14627
2019-01-01,1.14612
2019-01-02,1.13121
2019-01-03,1.13899
2019-01-04,1.13943
2019-01-06,1.14102
2019-01-07,1.14789
2019-01-08,1.14572
2019-01-09,1.15541
2019-01-10,1.15081
2019-01-11,1.14656
2019-01-13,1.14597
2019-01-14,1.14726
2019-01-15,1.14141
2019-01-16,1.13994
2019-01-17,1.1392
2019-01-18,1.13614
2019-01-20,1.1365
2019-01-21,1.13688
2019-01-22,1.13633
2019-01-23,1.13861
2019-01-24,1.13126
2019-01-25,1.14032
2019-01-27,1.14127
2019-01-28,1.14294
2019-01-29,1.14348
2019-01-30,1.14853
2019-01-31,1.14482
2019-02-01,1.14547
2019-02-03,1.14543
2019-02-04,1.14349
2019-02-05,1.14087
2019-02-06,1.13656
2019-02-07,1.13382
2019-02-08,1.13207
2019-02-10,1.13237
2019-02-11,1.12785
2019-02-12,1.13336
2019-02-13,1.12646
2019-02-14,1.12947
2019-02-15,1.12925
2019-02-17,1.12948
2019-02-18,1.13114
2019-02-19,1.13399
2019-02-20,1.13461
2019-02-21,1.13398
2019-02-22,1.13319
2019-02-24,1.1342
2019-02-25,1.13647
2019-02-26,1.1393
2019-02-27,1.13795
2019-02-28,1.1373
2019-03-01,1.13633
2019-03-03,1.13749
2019-03-04,1.13362
2019-03-05,1.1306
2019-03-06,1.13129
2019-03-07,1.1198
2019-03-08,1.12311
2019-03-10,1.12315
2019-03-11,1.12591
2019-03-12,1.12865
2019-03-13,1.13303
2019-03-14,1.13064
2019-03-15,1.1324
2019-03-17,1.13192
2019-03-18,1.1336
2019-03-19,1.13542
2019-03-20,1.14284
2019-03-21,1.13737
2019-03-22,1.13004
2019-03-24,1.12955
2019-03-25,1.13151
2019-03-26,1.12738
2019-03-27,1.12521
2019-03-28,1.12298
2019-03-29,1.12179
2019-03-31,1.12231
2019-04-01,1.12049
2019-04-02,1.12032
2019-04-03,1.12446
2019-04-04,1.12222
2019-04-05,1.12142
2019-04-07,1.12181
2019-04-08,1.12555
2019-04-09,1.12655
2019-04-10,1.12758
2019-04-11,1.12601
2019-04-12,1.12976
2019-04-14,1.13028
2019-04-15,1.13043
2019-04-16,1.12845
2019-04-17,1.12965
2019-04-18,1.12349
2019-04-19,1.12408
2019-04-21,1.1244
2019-04-22,1.12584
2019-04-23,1.12237
2019-04-24,1.11533
2019-04-25,1.11353
2019-04-26,1.11429
2019-04-28,1.11494
2019-04-29,1.11848
2019-04-30,1.12157
2019-05-01,1.12024
2019-05-02,1.11729
2019-05-03,1.12007
2019-05-05,1.11846
2019-05-06,1.1201
2019-05-07,1.11895
2019-05-08,1.11977
2019-05-09,1.12184
2019-05-10,1.12329
2019-05-12,1.12357
2019-05-13,1.1232
2019-05-14,1.12032
2019-05-15,1.12068
2019-05-16,1.11731
2019-05-17,1.11563
2019-05-19,1.11646
2019-05-20,1.11673
2019-05-21,1.11643
2019-05-22,1.11552
2019-05-23,1.11841
2019-05-24,1.12043
2019-05-26,1.12068
2019-05-27,1.11934
2019-05-28,1.11681
2019-05-29,1.11366
2019-05-30,1.11295
2019-05-31,1.11678
2019-06-02,1.11736
2019-06-03,1.12457
2019-06-04,1.12536
2019-06-05,1.12286
2019-06-06,1.12755
2019-06-07,1.13334
2019-06-09,1.1319
2019-06-10,1.13179
2019-06-11,1.13295
2019-06-12,1.12924
2019-06-13,1.12795
2019-06-14,1.1205
2019-06-16,1.12155
2019-06-17,1.12242
2019-06-18,1.11978
2019-06-19,1.12357
2019-06-20,1.12943
2019-06-21,1.13679
2019-06-23,1.1385
2019-06-24,1.13991
2019-06-25,1.13681
2019-06-26,1.13735
2019-06-27,1.13711
2019-06-28,1.13681
2019-06-30,1.13601
2019-07-01,1.12868
2019-07-02,1.12904
2019-07-03,1.12873
2019-07-04,1.12853
2019-07-05,1.12235
2019-07-07,1.12267
2019-07-08,1.12151
2019-07-09,1.12043
2019-07-10,1.12583
2019-07-11,1.12498
2019-07-12,1.12698
2019-07-14,1.1271
2019-07-15,1.12597
2019-07-16,1.12116
2019-07-17,1.12273
2019-07-18,1.1261
2019-07-19,1.12192
2019-07-21,1.12175
2019-07-22,1.12042
2019-07-23,1.11508
2019-07-24,1.11419
2019-07-25,1.11448
2019-07-26,1.11247
2019-07-28,1.11295
2019-07-29,1.11423
2019-07-30,1.11568
2019-07-31,1.10715
2019-08-01,1.10788
2019-08-02,1.11057
2019-08-04,1.11075
2019-08-05,1.12418
2019-08-06,1.12054
2019-08-07,1.12039
2019-08-08,1.11861
2019-08-09,1.11969
2019-08-11,1.12073
2019-08-12,1.12162
2019-08-13,1.11764
2019-08-14,1.11428
2019-08-15,1.11103
2019-08-16,1.10899
2019-08-18,1.10919
2019-08-19,1.10814
2019-08-20,1.10972
2019-08-21,1.10901
2019-08-22,1.10836
2019-08-23,1.1136
2019-08-25,1.11433
2019-08-26,1.11013
2019-08-27,1.10893
2019-08-28,1.10855
2019-08-29,1.10589
2019-08-30,1.0988
2019-09-01,1.09904
2019-09-02,1.09641
2019-09-03,1.09725
2019-09-04,1.10347
2019-09-05,1.1034
2019-09-06,1.1025
2019-09-08,1.10201
2019-09-09,1.10469
2019-09-10,1.10501
2019-09-11,1.10135
2019-09-12,1.10561
2019-09-13,1.10707
2019-09-15,1.10831
2019-09-16,1.10031
2019-09-17,1.10736
2019-09-18,1.10291
2019-09-19,1.10446
2019-09-20,1.10169
2019-09-22,1.10185
2019-09-23,1.09939
2019-09-24,1.10135
2019-09-25,1.09511
2019-09-26,1.09222
2019-09-27,1.09367
2019-09-29,1.09422
2019-09-30,1.08993
2019-10-01,1.09339
2019-10-02,1.09605
2019-10-03,1.09744
2019-10-04,1.0976
2019-10-06,1.09832
2019-10-07,1.09715
2019-10-08,1.09597
2019-10-09,1.09842
2019-10-10,1.10106
2019-10-11,1.10329
2019-10-13,1.10282
2019-10-14,1.10259
2019-10-15,1.10344
2019-10-16,1.10737
2019-10-17,1.11244
2019-10-18,1.11703
2019-10-20,1.11558
2019-10-21,1.11515
2019-10-22,1.11289
2019-10-23,1.11322
2019-10-24,1.11034
2019-10-25,1.1079
2019-10-27,1.10839
2019-10-28,1.10982
2019-10-29,1.1112
2019-10-30,1.11521
2019-10-31,1.11561
2019-11-01,1.11641
2019-11-03,1.11661
2019-11-04,1.11279
2019-11-05,1.10738
2019-11-06,1.107
2019-11-07,1.10523
2019-11-08,1.10176
2019-11-10,1.10218
2019-11-11,1.10347
2019-11-12,1.1012
2019-11-13,1.10096
2019-11-14,1.10197
2019-11-15,1.10494
2019-11-17,1.10539
2019-11-18,1.10722
2019-11-19,1.10779
2019-11-20,1.10779
2019-11-21,1.10656
2019-11-22,1.10179
2019-11-24,1.10225
2019-11-25,1.10104
2019-11-26,1.1022
2019-11-27,1.10048
2019-11-28,1.10113
2019-11-29,1.1015
2019-12-01,1.10182
2019-12-02,1.10761
2019-12-03,1.10818
2019-12-04,1.10827
2019-12-05,1.11038
2019-12-06,1.10543
2019-12-08,1.10582
2019-12-09,1.10643
2019-12-10,1.10923
2019-12-11,1.11325
2019-12-12,1.11833
2019-12-13,1.11174
2019-12-15,1.11242
2019-12-16,1.11355
2019-12-17,1.11514
2019-12-18,1.11154
2019-12-19,1.11231
2019-12-20,1.10769
2019-12-22,1.10802
2019-12-23,1.10917
2019-12-24,1.10873
2019-12-25,1.10944
2019-12-26,1.11012
2019-12-27,1.11713
2019-12-29,1.11813
2019-12-30,1.12013
2019-12-31,1.12076
2020-01-01,1.12188
2020-01-02,1.11708
2020-01-03,1.11548
2020-01-05,1.11604
2020-01-06,1.11954
2020-01-07,1.1154
2020-01-08,1.11129
2020-01-09,1.11093
2020-01-10,1.11165
2020-01-12,1.11161
2020-01-13,1.11344
2020-01-14,1.11275
2020-01-15,1.11524
2020-01-16,1.11368
2020-01-17,1.1089
2020-01-19,1.10946
2020-01-20,1.10962
2020-01-21,1.10851
2020-01-22,1.10957
2020-01-23,1.10554
2020-01-24,1.10224
2020-01-26,1.10245
2020-01-27,1.10193
2020-01-28,1.1022
2020-01-29,1.10138
2020-01-30,1.10285
2020-01-31,1.10944
2020-02-02,1.1089
2020-02-03,1.10623
2020-02-04,1.10446
2020-02-05,1.10003
2020-02-06,1.09806
2020-02-07,1.09438
2020-02-09,1.09491
2020-02-10,1.09101
2020-02-11,1.09189
2020-02-12,1.08756
2020-02-13,1.08413
2020-02-14,1.08299
2020-02-16,1.08411
2020-02-17,1.08366
2020-02-18,1.07949
2020-02-19,1.08096
2020-02-20,1.07875
2020-02-21,1.08456
2020-02-23,1.08384
2020-02-24,1.08485
2020-02-25,1.08797
2020-02-26,1.08864
2020-02-27,1.09963
2020-02-28,1.10251
2020-03-01,1.10515
2020-03-02,1.11443
2020-03-03,1.11765
2020-03-04,1.1138
2020-03-05,1.12224
2020-03-06,1.12804
2020-03-08,1.13876
2020-03-09,1.13989
2020-03-10,1.13136
2020-03-11,1.12611
2020-03-12,1.11823
2020-03-13,1.10992
2020-03-15,1.1156
2020-03-16,1.11633
2020-03-17,1.1016
2020-03-18,1.09442
2020-03-19,1.06544
2020-03-20,1.06929
2020-03-22,1.06886
2020-03-23,1.07635
2020-03-24,1.07977
2020-03-25,1.08884
2020-03-26,1.10475
2020-03-27,1.11379
2020-03-29,1.11361
2020-03-30,1.1029
2020-03-31,1.10259
2020-04-01,1.09513
2020-04-02,1.0846
2020-04-03,1.07955
2020-04-05,1.08053
2020-04-06,1.07988
2020-04-07,1.08935
2020-04-08,1.08599
2020-04-09,1.09226
2020-04-10,1.09326
2020-04-12,1.09315
2020-04-13,1.09198
2020-04-14,1.09834
2020-04-15,1.09037
2020-04-16,1.08584
2020-04-17,1.08711
2020-04-19,1.08635
2020-04-20,1.08637
2020-04-21,1.08563
2020-04-22,1.08062
2020-04-23,1.07743
2020-04-24,1.08196
2020-04-26,1.08209
2020-04-27,1.08245
2020-04-28,1.08324
2020-04-29,1.08772
2020-04-30,1.09448
2020-05-01,1.09777
2020-05-03,1.09608
2020-05-04,1.0903
2020-05-05,1.08384
2020-05-06,1.0798
2020-05-07,1.08361
2020-05-08,1.08371
2020-05-10,1.08377
2020-05-11,1.08093
2020-05-12,1.08454
2020-05-13,1.0821
2020-05-14,1.0806
2020-05-15,1.08183
2020-05-17,1.08186
2020-05-18,1.09139
2020-05-19,1.0926
2020-05-20,1.09796
2020-05-21,1.0949
2020-05-22,1.0898
2020-05-24,1.09079
2020-05-25,1.09016
2020-05-26,1.09784
2020-05-27,1.10166
2020-05-28,1.10779
2020-05-29,1.11036
2020-05-31,1.11156
2020-06-01,1.11251
2020-06-02,1.11851
2020-06-03,1.12349
2020-06-04,1.13354
2020-06-05,1.12911
2020-06-07,1.1316
2020-06-08,1.1304
2020-06-09,1.1332
2020-06-10,1.13667
2020-06-11,1.12879
2020-06-12,1.1255
2020-06-14,1.12515
2020-06-15,1.13375
2020-06-16,1.12648
2020-06-17,1.12419
2020-06-18,1.12076
2020-06-19,1.11759
2020-06-21,1.11766
2020-06-22,1.12776
2020-06-23,1.13124
2020-06-24,1.12499
2020-06-25,1.12179
2020-06-26,1.1217
2020-06-28,1.12219
2020-06-29,1.12467
2020-06-30,1.12335
2020-07-01,1.12511
2020-07-02,1.12372
2020-07-03,1.12464
2020-07-05,1.12466
2020-07-06,1.13123
2020-07-07,1.12744
2020-07-08,1.13372
2020-07-09,1.12879
2020-07-10,1.1299
2020-07-12,1.13085
2020-07-13,1.13447
2020-07-14,1.14099
2020-07-15,1.14168
2020-07-16,1.13878
2020-07-17,1.14269
2020-07-19,1.14421
2020-07-20,1.14557
2020-07-21,1.1535
2020-07-22,1.15646
2020-07-23,1.15952
2020-07-24,1.16546
2020-07-26,1.16495
2020-07-27,1.17682
2020-07-28,1.17185
2020-07-29,1.17806
2020-07-30,1.18719
2020-07-31,1.17753
2020-08-02,1.1781
2020-08-03,1.17603
2020-08-04,1.18136
2020-08-05,1.1872
2020-08-06,1.18752
2020-08-07,1.17862
2020-08-09,1.1781
2020-08-10,1.1736
2020-08-11,1.17347
2020-08-12,1.17939
2020-08-13,1.18155
2020-08-14,1.18414
2020-08-16,1.18518
2020-08-17,1.18745
2020-08-18,1.19464
2020-08-19,1.18437
2020-08-20,1.18695
2020-08-21,1.17949
2020-08-23,1.17981
2020-08-24,1.17934
2020-08-25,1.18339
2020-08-26,1.184
2020-08-27,1.18205
2020-08-28,1.19018
2020-08-30,1.19171
2020-08-31,1.19367
2020-09-01,1.19226
2020-09-02,1.18457
2020-09-03,1.18412
2020-09-04,1.18371
2020-09-06,1.18342
2020-09-07,1.18188
2020-09-08,1.17667
2020-09-09,1.18037
2020-09-10,1.18234
2020-09-11,1.18453
2020-09-13,1.18404
2020-09-14,1.18671
2020-09-15,1.18419
2020-09-16,1.18045
2020-09-17,1.18468
2020-09-18,1.18385
2020-09-20,1.18456
2020-09-21,1.17626
2020-09-22,1.17059
2020-09-23,1.16568
2020-09-24,1.16735
2020-09-25,1.16277
2020-09-27,1.16341
2020-09-28,1.16768
2020-09-29,1.17414
2020-09-30,1.17232
2020-10-01,1.17439
2020-10-02,1.17157
2020-10-04,1.17195
2020-10-05,1.17891
2020-10-06,1.17371
2020-10-07,1.17657
2020-10-08,1.17668
2020-10-09,1.18248
2020-10-11,1.18157
2020-10-12,1.18129
2020-10-13,1.1742
2020-10-14,1.17447
2020-10-15,1.17064
2020-10-16,1.17132
2020-10-18,1.17156
2020-10-19,1.17683
2020-10-20,1.1829
2020-10-21,1.18516
2020-10-22,1.18146
2020-10-23,1.18572
2020-10-25,1.18479
2020-10-26,1.18091
2020-10-27,1.17815
2020-10-28,1.17482
2020-10-29,1.16783
2020-10-30,1.16431
2020-11-01,1.16416
2020-11-02,1.16404
2020-11-03,1.17616
2020-11-04,1.17321
2020-11-05,1.18167
2020-11-06,1.187
2020-11-08,1.18924
2020-11-09,1.1824
2020-11-10,1.18184
2020-11-11,1.17792
2020-11-12,1.18038
2020-11-13,1.1831
2020-11-15,1.18448
2020-11-16,1.18592
2020-11-17,1.18636
2020-11-18,1.18451
2020-11-19,1.18653
2020-11-20,1.18544
2020-11-22,1.18654
2020-11-23,1.18422
2020-11-24,1.18974
2020-11-25,1.19162
2020-11-26,1.19109
2020-11-27,1.1962
2020-11-29,1.19721
2020-11-30,1.19374
2020-12-01,1.20706
2020-12-02,1.21138
2020-12-03,1.21449
2020-12-04,1.21202
2020-12-06,1.212
2020-12-07,1.21092
2020-12-08,1.21094
2020-12-09,1.20784
2020-12-10,1.21433
2020-12-11,1.21086
2020-12-13,1.21331
2020-12-14,1.21486
2020-12-15,1.21543
2020-12-16,1.21961
2020-12-17,1.22614
2020-12-18,1.22559
2020-12-20,1.22118
2020-12-21,1.22346
2020-12-22,1.21872
2020-12-23,1.21939
2020-12-24,1.2182
2020-12-25,1.21922
2020-12-27,1.22038
2020-12-28,1.22196
2020-12-29,1.22519
2020-12-30,1.22984
2020-12-31,1.22141
2021-01-03,1.225
2021-01-04,1.22525
2021-01-05,1.22984
2021-01-06,1.23382
2021-01-07,1.22691
2021-01-08,1.22174
2021-01-10,1.2187
2021-01-11,1.21605
2021-01-12,1.22085
2021-01-13,1.21619
2021-01-14,1.21506
2021-01-15,1.20748
2021-01-17,1.20662
2021-01-18,1.20776
2021-01-19,1.21391
2021-01-20,1.21144
2021-01-21,1.21654
2021-01-22,1.21667
2021-01-24,1.21668
2021-01-25,1.21426
2021-01-26,1.21632
2021-01-27,1.21027
2021-01-28,1.21209
2021-01-29,1.21298
2021-01-31,1.21227
2021-02-01,1.20676
2021-02-02,1.20365
2021-02-03,1.20412
2021-02-04,1.19662
2021-02-05,1.20481
2021-02-07,1.20483
2021-02-08,1.20522
2021-02-09,1.21161
2021-02-10,1.2119
2021-02-11,1.21304
2021-02-12,1.21177
2021-02-14,1.21204
2021-02-15,1.2132
2021-02-16,1.2088
2021-02-17,1.20455
2021-02-18,1.20917
2021-02-19,1.21167
2021-02-21,1.21247
2021-02-22,1.21638
2021-02-23,1.21506
2021-02-24,1.21693
2021-02-25,1.21577
2021-02-26,1.20704
2021-02-28,1.20903
2021-03-01,1.20484
2021-03-02,1.20848
2021-03-03,1.20464
2021-03-04,1.19672
2021-03-05,1.19128
2021-03-07,1.19263
2021-03-08,1.18508
2021-03-09,1.18967
2021-03-10,1.19242
2021-03-11,1.19808
2021-03-12,1.19476
2021-03-14,1.195
2021-03-15,1.19263
2021-03-16,1.1902
2021-03-17,1.19825
2021-03-18,1.19174
2021-03-19,1.19031
2021-03-21,1.18835
2021-03-22,1.19322
2021-03-23,1.18396
2021-03-24,1.18127
2021-03-25,1.17756
2021-03-26,1.17918
2021-03-28,1.17874
2021-03-29,1.17685
2021-03-30,1.17231
2021-03-31,1.1727
2021-04-01,1.17772
2021-04-02,1.17603
2021-04-04,1.17676
2021-04-05,1.18169
2021-04-06,1.18737
2021-04-07,1.18723
2021-04-08,1.19153
2021-04-09,1.18977
2021-04-11,1.18958
2021-04-12,1.19115
2021-04-13,1.19538
2021-04-14,1.19832
2021-04-15,1.19692
2021-04-16,1.19805
2021-04-18,1.19689
2021-04-19,1.20424
2021-04-20,1.20324
2021-04-21,1.20372
2021-04-22,1.20143
2021-04-23,1.20938
2021-04-25,1.20892
2021-04-26,1.20793
2021-04-27,1.20892
2021-04-28,1.21348
2021-04-29,1.21245
2021-04-30,1.20169
2021-05-02,1.20271
2021-05-03,1.20588
2021-05-04,1.20144
2021-05-05,1.20074
2021-05-06,1.20651
2021-05-07,1.21615
2021-05-09,1.21704
2021-05-10,1.21405
2021-05-11,1.2144
2021-05-12,1.20777
2021-05-13,1.20767
2021-05-14,1.2142
2021-05-16,1.21498
2021-05-17,1.21563
2021-05-18,1.22223
2021-05-19,1.21704
2021-05-20,1.22249
2021-05-21,1.21778
2021-05-23,1.21805
2021-05-24,1.2214
2021-05-25,1.22468
2021-05-26,1.2192
2021-05-27,1.21927
2021-05-28,1.21905
2021-05-30,1.21892
2021-05-31,1.22325
2021-06-01,1.22174
2021-06-02,1.22094
2021-06-03,1.213
2021-06-04,1.21644
2021-06-06,1.21666
2021-06-07,1.21905
2021-06-08,1.21724
2021-06-09,1.21784
2021-06-10,1.21725
2021-06-11,1.21072
2021-06-13,1.21095
2021-06-14,1.21218
2021-06-15,1.21245
2021-06-16,1.1995
2021-06-17,1.1913
2021-06-18,1.18592
2021-06-20,1.18705
2021-06-21,1.19119
2021-06-22,1.19364
2021-06-23,1.19296
2021-06-24,1.19278
2021-06-25,1.19347
2021-06-27,1.19414
2021-06-28,1.19286
2021-06-29,1.19002
2021-06-30,1.18558
2021-07-01,1.18457
2021-07-02,1.18622
2021-07-04,1.18556
2021-07-05,1.18624
2021-07-06,1.18221
2021-07-07,1.17929
2021-07-08,1.18463
2021-07-09,1.1871
2021-07-11,1.18722
2021-07-12,1.18627
2021-07-13,1.17748
2021-07-14,1.18329
2021-07-15,1.18112
2021-07-16,1.18047
2021-07-18,1.18125
2021-07-19,1.17917
2021-07-20,1.17813
2021-07-21,1.17922
2021-07-22,1.17722
2021-07-23,1.17683
2021-07-25,1.17728
2021-07-26,1.18047
2021-07-27,1.18203
2021-07-28,1.18454
2021-07-29,1.18903
2021-07-30,1.18667
2021-08-01,1.18661
2021-08-02,1.1874
2021-08-03,1.18694
2021-08-04,1.18371
2021-08-05,1.18332
2021-08-06,1.17596
2021-08-08,1.17474
2021-08-09,1.1736
2021-08-10,1.17195
2021-08-11,1.17417
2021-08-12,1.17356
2021-08-13,1.17933
2021-08-15,1.1794
2021-08-16,1.17776
2021-08-17,1.17091
2021-08-18,1.17026
2021-08-19,1.16763
2021-08-20,1.16951
2021-08-22,1.16968
2021-08-23,1.17441
2021-08-24,1.17526
2021-08-25,1.17717
2021-08-26,1.17533
2021-08-27,1.1791
2021-08-29,1.17983
2021-08-30,1.17965
2021-08-31,1.18098
2021-09-01,1.18407
2021-09-02,1.18736
2021-09-03,1.18773
2021-09-05,1.18854
2021-09-06,1.18731
2021-09-07,1.18429
2021-09-08,1.18188
2021-09-09,1.1823
2021-09-10,1.18101
2021-09-12,1.18115
2021-09-13,1.18096
2021-09-14,1.18023
2021-09-15,1.1819
2021-09-16,1.17648
2021-09-17,1.17239
2021-09-19,1.17292
2021-09-20,1.17266
2021-09-21,1.17228
2021-09-22,1.1687
2021-09-23,1.17398
2021-09-24,1.17181
2021-09-26,1.17224
2021-09-27,1.16956
2021-09-28,1.1686
2021-09-29,1.16014
2021-09-30,1.15736
2021-10-01,1.15923
2021-10-03,1.16065
2021-10-04,1.1616
2021-10-05,1.15955
2021-10-06,1.15549
2021-10-07,1.15592
2021-10-08,1.15721
2021-10-10,1.15653
2021-10-11,1.15532
2021-10-12,1.15304
2021-10-13,1.15968
2021-10-14,1.15903
2021-10-15,1.15983
2021-10-17,1.15963
2021-10-18,1.16131
2021-10-19,1.16313
2021-10-20,1.16523
2021-10-21,1.16246
2021-10-22,1.16395
2021-10-24,1.16391
2021-10-25,1.16087
2021-10-26,1.15962
2021-10-27,1.15982
2021-10-28,1.16821
2021-10-29,1.15529
2021-10-31,1.15562
2021-11-01,1.15995
2021-11-02,1.1579
2021-11-03,1.16152
2021-11-04,1.15552
2021-11-05,1.15631
2021-11-07,1.15682
2021-11-08,1.15877
2021-11-09,1.1594
2021-11-10,1.14856
2021-11-11,1.14474
2021-11-12,1.14413
2021-11-14,1.14412
2021-11-15,1.13668
2021-11-16,1.13179
2021-11-17,1.13178
2021-11-18,1.13676
2021-11-19,1.12794
2021-11-21,1.12752
2021-11-22,1.12417
2021-11-23,1.12445
2021-11-24,1.12025
2021-11-25,1.12091
2021-11-26,1.13071
2021-11-28,1.12925
2021-11-29,1.12925
2021-11-30,1.13299
2021-12-01,1.13187
2021-12-02,1.13057
2021-12-03,1.13117
2021-12-05,1.1304
2021-12-06,1.12834
2021-12-07,1.12723
2021-12-08,1.13441
2021-12-09,1.12936
2021-12-10,1.13146
2021-12-12,1.13106
2021-12-13,1.12834
2021-12-14,1.12575
2021-12-15,1.12902
2021-12-16,1.13336
2021-12-17,1.1237
2021-12-19,1.12428
2021-12-20,1.12771
2021-12-21,1.12871
2021-12-22,1.13265
2021-12-23,1.13228
2021-12-24,1.13102
2021-12-26,1.13231
2021-12-27,1.13294
2021-12-28,1.1313
2021-12-29,1.13595
2021-12-30,1.13222
2021-12-31,1.13667
2022-01-02,1.13727
2022-01-03,1.13017
2022-01-04,1.12827
2022-01-05,1.13105
2022-01-06,1.12949
2022-01-07,1.13593
2022-01-09,1.13534
2022-01-10,1.13299
2022-01-11,1.13658
2022-01-12,1.14394
2022-01-13,1.14564
2022-01-14,1.1409
2022-01-16,1.14112
2022-01-17,1.141
2022-01-18,1.13286
2022-01-19,1.13429
2022-01-20,1.13128
2022-01-21,1.13418
2022-01-23,1.13409
2022-01-24,1.13236
2022-01-25,1.13028
2022-01-26,1.12405
2022-01-27,1.11445
2022-01-28,1.1145
2022-01-30,1.11519
2022-01-31,1.12292
2022-02-01,1.1273
2022-02-02,1.12992
2022-02-03,1.14355
2022-02-04,1.14477
2022-02-06,1.14544
2022-02-07,1.1441
2022-02-08,1.14205
2022-02-09,1.14211
2022-02-10,1.14112
2022-02-11,1.13463
2022-02-13,1.13643
2022-02-14,1.13056
2022-02-15,1.13551
2022-02-16,1.13728
2022-02-17,1.13637
2022-02-18,1.13203
2022-02-20,1.13164
2022-02-21,1.13092
2022-02-22,1.13287
2022-02-23,1.13053
2022-02-24,1.11905
2022-02-25,1.12719
2022-02-27,1.118
2022-02-28,1.12141
2022-03-01,1.11322
2022-03-02,1.11123
2022-03-03,1.10656
2022-03-04,1.09311
2022-03-06,1.08736
2022-03-07,1.0866
2022-03-08,1.08978
2022-03-09,1.10733
2022-03-10,1.10133
2022-03-11,1.09099
2022-03-13,1.09316
2022-03-14,1.09426
2022-03-15,1.09667
2022-03-16,1.10214
2022-03-17,1.1099
2022-03-18,1.10492
2022-03-20,1.10424
2022-03-21,1.10167
2022-03-22,1.10293
2022-03-23,1.10058
2022-03-24,1.10083
2022-03-25,1.09805
2022-03-27,1.09812
2022-03-28,1.09911
2022-03-29,1.10909
2022-03-30,1.11613
2022-03-31,1.10726
2022-04-01,1.10427
2022-04-03,1.10454
2022-04-04,1.09749
2022-04-05,1.09058
2022-04-06,1.08975
2022-04-07,1.0864
2022-04-08,1.08744
2022-04-10,1.08841
2022-04-11,1.08769
2022-04-12,1.0826
2022-04-13,1.0895
2022-04-14,1.08209
2022-04-15,1.08057
2022-04-17,1.08139
2022-04-18,1.07799
2022-04-19,1.07941
2022-04-20,1.08493
2022-04-21,1.08349
2022-04-22,1.07947
2022-04-24,1.08093
2022-04-25,1.07124
2022-04-26,1.06424
2022-04-27,1.05541
2022-04-28,1.05029
2022-04-29,1.05409
2022-05-01,1.05349
2022-05-02,1.05096
2022-05-03,1.05251
2022-05-04,1.06202
2022-05-05,1.05394
2022-05-06,1.05452
2022-05-08,1.0532
2022-05-09,1.05631
2022-05-10,1.05289
2022-05-11,1.05117
2022-05-12,1.03784
2022-05-13,1.04116
2022-05-15,1.0398
2022-05-16,1.0439
2022-05-17,1.05487
2022-05-18,1.04729
2022-05-19,1.05795
2022-05-20,1.0561
2022-05-22,1.05689
2022-05-23,1.06837
2022-05-24,1.07326
2022-05-25,1.06869
2022-05-26,1.07324
2022-05-27,1.07317
2022-05-29,1.0729
2022-05-30,1.07729
2022-05-31,1.0734
2022-06-01,1.06509
2022-06-02,1.075
2022-06-03,1.07169
2022-06-05,1.07252
2022-06-06,1.06896
2022-06-07,1.06972
2022-06-08,1.07168
2022-06-09,1.0619
2022-06-10,1.05137
2022-06-12,1.04907
2022-06-13,1.04148
2022-06-14,1.04367
2022-06-15,1.04573
2022-06-16,1.05464
2022-06-17,1.04934
2022-06-19,1.04898
2022-06-20,1.05172
2022-06-21,1.05312
2022-06-22,1.05646
2022-06-23,1.05192
2022-06-24,1.05519
2022-06-26,1.05665
2022-06-27,1.05797
2022-06-28,1.0522
2022-06-29,1.04456
2022-06-30,1.04783
2022-07-01,1.04262
2022-07-03,1.04322
2022-07-04,1.04326
2022-07-05,1.02565
2022-07-06,1.01843
2022-07-07,1.01683
2022-07-08,1.01822
2022-07-10,1.01672
2022-07-11,1.00458
2022-07-12,1.003
2022-07-13,1.00342
2022-07-14,1.00263
2022-07-15,1.00821
2022-07-17,1.00972
2022-07-18,1.01463
2022-07-19,1.02307
2022-07-20,1.01807
2022-07-21,1.022
2022-07-22,1.02119
2022-07-24,1.01991
2022-07-25,1.02229
2022-07-26,1.01285
2022-07-27,1.02052
2022-07-28,1.01918
2022-07-29,1.02248
2022-07-31,1.02102
2022-08-01,1.02627
2022-08-02,1.01563
2022-08-03,1.01565
2022-08-04,1.02472
2022-08-05,1.01825
2022-08-07,1.01719
2022-08-08,1.01978
2022-08-09,1.02079
2022-08-10,1.02986
2022-08-11,1.03203
2022-08-12,1.0259
2022-08-14,1.02534
2022-08-15,1.01613
2022-08-16,1.01694
2022-08-17,1.01773
2022-08-18,1.00893
2022-08-19,1.00326
2022-08-21,1.0036
2022-08-22,0.9938
2022-08-23,0.99662
2022-08-24,0.99677
2022-08-25,0.99706
2022-08-26,0.99623
2022-08-28,0.99359
2022-08-29,1.00107
2022-08-30,1.00234
2022-08-31,1.0038
2022-09-01,0.99514
2022-09-02,0.99515
2022-09-04,0.99077
2022-09-05,0.995
2022-09-06,0.9897
2022-09-07,0.99976
2022-09-08,1.00097
2022-09-09,1.00425
2022-09-11,1.00702
2022-09-12,1.0129
2022-09-13,0.99778
2022-09-14,0.9982
2022-09-15,0.99874
2022-09-16,1.00146
2022-09-18,1.0022
2022-09-19,1.00297
2022-09-20,0.9971
2022-09-21,0.98313
2022-09-22,0.98383
2022-09-23,0.96885
2022-09-25,0.96855
2022-09-26,0.962
2022-09-27,0.95953
2022-09-28,0.97054
2022-09-29,0.98291
2022-09-30,0.98013
2022-10-02,0.97932
2022-10-03,0.98334
2022-10-04,0.99836
2022-10-05,0.99116
2022-10-06,0.97888
2022-10-07,0.97388
2022-10-09,0.97342
2022-10-10,0.9711
2022-10-11,0.97004
2022-10-12,0.97046
2022-10-13,0.97671
2022-10-14,0.97182
2022-10-16,0.97395
2022-10-17,0.98435
2022-10-18,0.98625
2022-10-19,0.97652
2022-10-20,0.97782
2022-10-21,0.98613
2022-10-23,0.98595
2022-10-24,0.98842
2022-10-25,0.99616
2022-10-26,1.00932
2022-10-27,0.99668
2022-10-28,0.99631
2022-10-30,0.99543
2022-10-31,0.98856
2022-11-01,0.98772
2022-11-02,0.98138
2022-11-03,0.97488
2022-11-04,0.9956
2022-11-06,0.99281
2022-11-07,1.00173
2022-11-08,1.00804
2022-11-09,1.0019
2022-11-10,1.01914
2022-11-11,1.03538
2022-11-13,1.03266
2022-11-14,1.03196
2022-11-15,1.03572
2022-11-16,1.03932
2022-11-17,1.03607
2022-11-18,1.03235
2022-11-20,1.03304
2022-11-21,1.0245
2022-11-22,1.03104
2022-11-23,1.04175
2022-11-24,1.04074
2022-11-25,1.03926
2022-11-27,1.03666
2022-11-28,1.03433
2022-11-29,1.03235
2022-11-30,1.04229
2022-12-01,1.05278
2022-12-02,1.05325
2022-12-04,1.05433
2022-12-05,1.04963
2022-12-06,1.04671
2022-12-07,1.05117
2022-12-08,1.05555
2022-12-09,1.05316
2022-12-11,1.05209
2022-12-12,1.05413
2022-12-13,1.06242
2022-12-14,1.06757
2022-12-15,1.06385
2022-12-16,1.05839
2022-12-18,1.05842
2022-12-19,1.06121
2022-12-20,1.0625
2022-12-21,1.06077
2022-12-22,1.0601
2022-12-23,1.06172
2022-12-25,1.06191
2022-12-26,1.06397
2022-12-27,1.06369
2022-12-28,1.06288
2022-12-29,1.06601
2022-12-30,1.07026
2023-01-01,1.07005
2023-01-02,1.06765
2023-01-03,1.05455
2023-01-04,1.06061
2023-01-05,1.05208
2023-01-06,1.06413
2023-01-08,1.06627
2023-01-09,1.07326
2023-01-10,1.07382
2023-01-11,1.07652
2023-01-12,1.08595
2023-01-13,1.08302
2023-01-15,1.08225
2023-01-16,1.08294
2023-01-17,1.07893
2023-01-18,1.07972
2023-01-19,1.08333
2023-01-20,1.08549
2023-01-22,1.08643
2023-01-23,1.08711
2023-01-24,1.08897
2023-01-25,1.09206
2023-01-26,1.0893
2023-01-27,1.08649
2023-01-29,1.08717
2023-01-30,1.08499
2023-01-31,1.08606
2023-02-01,1.10124
2023-02-02,1.09043
2023-02-03,1.07929
2023-02-05,1.07891
2023-02-06,1.07289
2023-02-07,1.07301
2023-02-08,1.07151
2023-02-09,1.0739
2023-02-10,1.06754
2023-02-12,1.06771
2023-02-13,1.07308
2023-02-14,1.0735
2023-02-15,1.06912
2023-02-16,1.06653
2023-02-17,1.06929
2023-02-19,1.06838
2023-02-20,1.06821
2023-02-21,1.06512
2023-02-22,1.06053
2023-02-23,1.05972
2023-02-24,1.0545
2023-02-26,1.05533
2023-02-27,1.06094
2023-02-28,1.05766
2023-03-01,1.06684
2023-03-02,1.05983
2023-03-03,1.06337
2023-03-05,1.06254
2023-03-06,1.06854
2023-03-07,1.05481
2023-03-08,1.05488
2023-03-09,1.05856
2023-03-10,1.06387
2023-03-12,1.0681
2023-03-13,1.07228
2023-03-14,1.07267
2023-03-15,1.05814
2023-03-16,1.06135
2023-03-17,1.06647
2023-03-19,1.06804
2023-03-20,1.07185
2023-03-21,1.07727
2023-03-22,1.08688
2023-03-23,1.08345
2023-03-24,1.07566
2023-03-26,1.07776
2023-03-27,1.08062
2023-03-28,1.08388
2023-03-29,1.08425
2023-03-30,1.09041
2023-03-31,1.08386
2023-04-02,1.08023
2023-04-03,1.09066
2023-04-04,1.09575
2023-04-05,1.09029
2023-04-06,1.09194
2023-04-07,1.09029
2023-04-09,1.09129
2023-04-10,1.08687
2023-04-11,1.09163
2023-04-12,1.09968
2023-04-13,1.10516
2023-04-14,1.09922
2023-04-16,1.09843
2023-04-17,1.09244
2023-04-18,1.09748
2023-04-19,1.09516
2023-04-20,1.09676
2023-04-21,1.09874
2023-04-23,1.09916
2023-04-24,1.1057
2023-04-25,1.09779
2023-04-26,1.1045
2023-04-27,1.10315
2023-04-28,1.10144
2023-04-30,1.10105
2023-05-01,1.09687
2023-05-02,1.10107
2023-05-03,1.10685
2023-05-04,1.10229
2023-05-05,1.10162
2023-05-07,1.10181
2023-05-08,1.09965
2023-05-09,1.09645
2023-05-10,1.09824
2023-05-11,1.09122
2023-05-12,1.08477
2023-05-14,1.08527
2023-05-15,1.08735
2023-05-16,1.08653
2023-05-17,1.08378
2023-05-18,1.07749
2023-05-19,1.08019
2023-05-21,1.08218
2023-05-22,1.08104
2023-05-23,1.07691
2023-05-24,1.07555
2023-05-25,1.07234
2023-05-26,1.07227
2023-05-28,1.07214
2023-05-29,1.07067
2023-05-30,1.07316
2023-05-31,1.06933
2023-06-01,1.07604
2023-06-02,1.07063
2023-06-04,1.06967
2023-06-05,1.07113
2023-06-06,1.06984
2023-06-07,1.07069
2023-06-08,1.07818
2023-06-09,1.07456
2023-06-11,1.07499
2023-06-12,1.07622
2023-06-13,1.07895
2023-06-14,1.08427
2023-06-15,1.09455
2023-06-16,1.09376
2023-06-18,1.09397
2023-06-19,1.09235
2023-06-20,1.09198
2023-06-21,1.09915
2023-06-22,1.09554
2023-06-23,1.08905
2023-06-25,1.09062
2023-06-26,1.09099
2023-06-27,1.09575
2023-06-28,1.09151
2023-06-29,1.08673
2023-06-30,1.09095
2023-07-02,1.09075
2023-07-03,1.09128
2023-07-04,1.08824
2023-07-05,1.08551
2023-07-06,1.08896
2023-07-07,1.09646
2023-07-09,1.09669
2023-07-10,1.10052
2023-07-11,1.10136
2023-07-12,1.11405
2023-07-13,1.12234
2023-07-14,1.12235
2023-07-16,1.12273
2023-07-17,1.12373
2023-07-18,1.12281
2023-07-19,1.12049
2023-07-20,1.11344
2023-07-21,1.11244
2023-07-23,1.11243
2023-07-24,1.1063
2023-07-25,1.10499
2023-07-26,1.10779
2023-07-27,1.09781
2023-07-28,1.10125
2023-07-30,1.10238
2023-07-31,1.09966
2023-08-01,1.10075
2023-08-02,1.09435
2023-08-03,1.0951
2023-08-04,1.10029
2023-08-06,1.10024
2023-08-07,1.10026
2023-08-08,1.09592
2023-08-09,1.09771
2023-08-10,1.09815
2023-08-11,1.09433
2023-08-13,1.09432
2023-08-14,1.09077
2023-08-15,1.09038
2023-08-16,1.08743
2023-08-17,1.08743
2023-08-18,1.08678
2023-08-20,1.08749
2023-08-21,1.08975
2023-08-22,1.08464
2023-08-23,1.08654
2023-08-24,1.0799
2023-08-25,1.07906
2023-08-27,1.07968
2023-08-28,1.08255
2023-08-29,1.08691
2023-08-30,1.09294
2023-08-31,1.08424
2023-09-01,1.07717
2023-09-03,1.07756
2023-09-04,1.07913
2023-09-05,1.07244
2023-09-06,1.07238
2023-09-07,1.06973
2023-09-08,1.06974
2023-09-10,1.07162
2023-09-11,1.07476
2023-09-12,1.07531
2023-09-13,1.07327
2023-09-14,1.0635
2023-09-15,1.06576
2023-09-17,1.06679
2023-09-18,1.06919
2023-09-19,1.06813
2023-09-20,1.06498
2023-09-21,1.06603
2023-09-22,1.06419
2023-09-24,1.06482
2023-09-25,1.05912
2023-09-26,1.05691
2023-09-27,1.05052
2023-09-28,1.05621
2023-09-29,1.05694
2023-10-01,1.0564
2023-10-02,1.04798
2023-10-03,1.04686
2023-10-04,1.05069
2023-10-05,1.05462
2023-10-06,1.05828
2023-10-08,1.05661
2023-10-09,1.05786
2023-10-10,1.06042
2023-10-11,1.06234
2023-10-12,1.05355
2023-10-13,1.05073
2023-10-15,1.0522
2023-10-16,1.05543
2023-10-17,1.05727
2023-10-18,1.05379
2023-10-19,1.05863
2023-10-20,1.05927
2023-10-22,1.05896
2023-10-23,1.06698
2023-10-24,1.05949
2023-10-25,1.05661
2023-10-26,1.05638
2023-10-27,1.05605
2023-10-29,1.05618
2023-10-30,1.06138
2023-10-31,1.0578
2023-11-01,1.05866
2023-11-02,1.06155
2023-11-03,1.07295
2023-11-05,1.07313
2023-11-06,1.07182
2023-11-07,1.06956
2023-11-08,1.07112
2023-11-09,1.06669
2023-11-10,1.06848
2023-11-12,1.06905
2023-11-13,1.07012
2023-11-14,1.08777
2023-11-15,1.08541
2023-11-16,1.08529
2023-11-17,1.09138
2023-11-19,1.09055
2023-11-20,1.09446
2023-11-21,1.09169
2023-11-22,1.08878
2023-11-23,1.09038
2023-11-24,1.09341
2023-11-26,1.09396
2023-11-27,1.09589
2023-11-28,1.10039
2023-11-29,1.09732
2023-11-30,1.08916
2023-12-01,1.08788
2023-12-03,1.08857
2023-12-04,1.08373
2023-12-05,1.07932
2023-12-06,1.07661
2023-12-07,1.07895
2023-12-08,1.07592
2023-12-10,1.07651
2023-12-11,1.07653
2023-12-12,1.07982
2023-12-13,1.08825
2023-12-14,1.09932
2023-12-15,1.08922
2023-12-17,1.08948
2023-12-18,1.09231
2023-12-19,1.09792
2023-12-20,1.09432
2023-12-21,1.10056
2023-12-22,1.10135
2023-12-24,1.10149
2023-12-25,1.10186
2023-12-26,1.10422
2023-12-27,1.11082
2023-12-28,1.10677
2023-12-29,1.10374
2024-01-01,1.10365
2024-01-02,1.09416
2024-01-03,1.09258
2024-01-04,1.09462
2024-01-05,1.09392
2024-01-07,1.09415
2024-01-08,1.09497
2024-01-09,1.09317
2024-01-10,1.0974
2024-01-11,1.09824
2024-01-12,1.09483
2024-01-14,1.09451
2024-01-15,1.09449
2024-01-16,1.08784
2024-01-17,1.0886
2024-01-18,1.08799
2024-01-19,1.0896
2024-01-21,1.0892
2024-01-22,1.08772
2024-01-23,1.08572
2024-01-24,1.0881
2024-01-25,1.08454
2024-01-26,1.08504
2024-01-28,1.08422
2024-01-29,1.08336
2024-01-30,1.08428
2024-01-31,1.08039
2024-02-01,1.08742
2024-02-02,1.07849
2024-02-04,1.07796
2024-02-05,1.0741
2024-02-06,1.07566
2024-02-07,1.07754
2024-02-08,1.07776
2024-02-09,1.07821
2024-02-11,1.07979
2024-02-12,1.07717
2024-02-13,1.07083
2024-02-14,1.07319
2024-02-15,1.07726
2024-02-16,1.07749
2024-02-18,1.0784
2024-02-19,1.07754
2024-02-20,1.08098
2024-02-21,1.08202
2024-02-22,1.08253
2024-02-23,1.08174
2024-02-25,1.0819
2024-02-26,1.08503
2024-02-27,1.0841
2024-02-28,1.08383
2024-02-29,1.08055
2024-03-01,1.08368
2024-03-03,1.08416
2024-03-04,1.08541
2024-03-05,1.08555
2024-03-06,1.08995
2024-03-07,1.09509
2024-03-08,1.09348
2024-03-10,1.09426
2024-03-11,1.09304
2024-03-12,1.09267
2024-03-13,1.0953
2024-03-14,1.08827
2024-03-15,1.08869
2024-03-17,1.08835
2024-03-18,1.08732
2024-03-19,1.08616
2024-03-20,1.09373
2024-03-21,1.08618
2024-03-22,1.08065
2024-03-24,1.08071
2024-03-25,1.0837
2024-03-26,1.08325
2024-03-27,1.08123
2024-03-28,1.07911
2024-03-29,1.07898
2024-03-31,1.0793
2024-04-01,1.07372
2024-04-02,1.07679
2024-04-03,1.0838
2024-04-04,1.08364
2024-04-05,1.08352
2024-04-07,1.08297
2024-04-08,1.0862
2024-04-09,1.08588
2024-04-10,1.0741
2024-04-11,1.0726
2024-04-12,1.06385
2024-04-14,1.0646
2024-04-15,1.06247
2024-04-16,1.0621
2024-04-17,1.06689
2024-04-18,1.06425
2024-04-19,1.06526
2024-04-21,1.06575
2024-04-22,1.06537
2024-04-23,1.07024
2024-04-24,1.06999
2024-04-25,1.07267
2024-04-26,1.06911
2024-04-28,1.07069
2024-04-29,1.07147
2024-04-30,1.06659
2024-05-01,1.0717
2024-05-02,1.07298
2024-05-03,1.07594
2024-05-05,1.07583
2024-05-06,1.07672
2024-05-07,1.07498
2024-05-08,1.07468
2024-05-09,1.07817
2024-05-10,1.07694
2024-05-12,1.07702
2024-05-13,1.0792
2024-05-14,1.08138
2024-05-15,1.08883
2024-05-16,1.08677
2024-05-17,1.08674
2024-05-19,1.08724
2024-05-20,1.08602
2024-05-21,1.0854
2024-05-22,1.0825
2024-05-23,1.08116
2024-05-24,1.0846
2024-05-26,1.08466
2024-05-27,1.08614
2024-05-28,1.08512
2024-05-29,1.08011
2024-05-30,1.08312
2024-05-31,1.0845
2024-06-02,1.08526
2024-06-03,1.09071
2024-06-04,1.08817
2024-06-05,1.08739
2024-06-06,1.08916
2024-06-07,1.08017
2024-06-09,1.07788
2024-06-10,1.07633
2024-06-11,1.07399
2024-06-12,1.08127
2024-06-13,1.07374
2024-06-14,1.07025
2024-06-16,1.07025
2024-06-17,1.07398
2024-06-18,1.07386
2024-06-19,1.0747
2024-06-20,1.07059
2024-06-21,1.06918
2024-06-23,1.06877
2024-06-24,1.07322
2024-06-25,1.07091
2024-06-26,1.06797
2024-06-27,1.07076
2024-06-28,1.07119
2024-06-30,1.07349
2024-07-01,1.07365
2024-07-02,1.0748
2024-07-03,1.0791
2024-07-04,1.08103
2024-07-05,1.0837
2024-07-07,1.08256
2024-07-08,1.08305
2024-07-09,1.08142
2024-07-10,1.08333
2024-07-11,1.0874
2024-07-12,1.09054
2024-07-14,1.08856
2024-07-15,1.08981
2024-07-16,1.0902
2024-07-17,1.09402
2024-07-18,1.09003
2024-07-19,1.08779
2024-07-21,1.08988
2024-07-22,1.08889
2024-07-23,1.08496
2024-07-24,1.08378
2024-07-25,1.08513
2024-07-26,1.08547
2024-07-28,1.08527
2024-07-29,1.0819
2024-07-30,1.08157
2024-07-31,1.08238
2024-08-01,1.07864
2024-08-02,1.09098
2024-08-04,1.09103
2024-08-05,1.09505
2024-08-06,1.09259
2024-08-07,1.09273
2024-08-08,1.09149
2024-08-09,1.09167
2024-08-11,1.09127
2024-08-12,1.09361
2024-08-13,1.09959
2024-08-14,1.10116
2024-08-15,1.09723
2024-08-16,1.10211
2024-08-18,1.10246
2024-08-19,1.10854
2024-08-20,1.11275
2024-08-21,1.11548
2024-08-22,1.1116
2024-08-23,1.1191
2024-08-25,1.11892
2024-08-26,1.11644
2024-08-27,1.11769
2024-08-28,1.11244
2024-08-29,1.108
2024-08-30,1.10456
2024-09-01,1.10446
2024-09-02,1.1067
2024-09-03,1.10485
2024-09-04,1.10801
2024-09-05,1.1111
2024-09-06,1.10825
2024-09-08,1.10867
2024-09-09,1.10352
2024-09-10,1.102
2024-09-11,1.10102
2024-09-12,1.10789
2024-09-13,1.10732
2024-09-15,1.10873
2024-09-16,1.11291
2024-09-17,1.1122
2024-09-18,1.11139
2024-09-19,1.11593
2024-09-20,1.11626
2024-09-22,1.11591
2024-09-23,1.11109
2024-09-24,1.11909
2024-09-25,1.11296
2024-09-26,1.11769
2024-09-27,1.11619
2024-09-29,1.11689
2024-09-30,1.11365
2024-10-01,1.10644
2024-10-02,1.10458
2024-10-03,1.10351
2024-10-04,1.09739
2024-10-06,1.09705
2024-10-07,1.09742
2024-10-08,1.09753
2024-10-09,1.09394
2024-10-10,1.09334
2024-10-11,1.09353
2024-10-13,1.0923
2024-10-14,1.0909
2024-10-15,1.08832
2024-10-16,1.08587
2024-10-17,1.08291
2024-10-18,1.08655
2024-10-20,1.08681
2024-10-21,1.08153
2024-10-22,1.07962
2024-10-23,1.07803
2024-10-24,1.08237
2024-10-25,1.07945
2024-10-27,1.0796
2024-10-28,1.08176
2024-10-29,1.08197
2024-10-30,1.08582
2024-10-31,1.08839
2024-11-01,1.08327
2024-11-03,1.08727
2024-11-04,1.08735
2024-11-05,1.09339
2024-11-06,1.07315
2024-11-07,1.07954
2024-11-08,1.07182
2024-11-10,1.07132
2024-11-11,1.06631
2024-11-12,1.06166
2024-11-13,1.05657
2024-11-14,1.05295
2024-11-15,1.05394
2024-11-17,1.05362
2024-11-18,1.05945
2024-11-19,1.0607
2024-11-20,1.05456
2024-11-21,1.0469
2024-11-22,1.04193
2024-11-24,1.04793
2024-11-25,1.04437
2024-11-26,1.04918
2024-11-27,1.05619
2024-11-28,1.056
2024-11-29,1.05748
2024-12-01,1.05439
2024-12-02,1.05008
2024-12-03,1.05099
2024-12-04,1.05123
2024-12-05,1.05865
2024-12-06,1.05673
2024-12-08,1.05656
2024-12-09,1.05541
2024-12-10,1.05311
2024-12-11,1.05061
2024-12-12,1.04736
2024-12-13,1.05017
2024-12-15,1.05096
2024-12-16,1.0517
2024-12-17,1.04944
2024-12-18,1.03506
2024-12-19,1.03643
2024-12-20,1.04254
2024-12-22,1.04336
2024-12-23,1.0404
2024-12-24,1.03952
2024-12-25,1.03991
2024-12-26,1.04216
2024-12-27,1.04225
2024-12-29,1.04292
2024-12-30,1.04056
2024-12-31,1.03526
2025-01-01,1.03507
2025-01-02,1.02678
2025-01-03,1.03066
2025-01-05,1.03051
2025-01-06,1.03831
2025-01-07,1.03415
2025-01-08,1.03132
2025-01-09,1.02964
2025-01-10,1.024
2025-01-12,1.02429
2025-01-13,1.02639
2025-01-14,1.03062
2025-01-15,1.0295
2025-01-16,1.03014
2025-01-17,1.0271
2025-01-19,1.02804
2025-01-20,1.04208
2025-01-21,1.04057
2025-01-22,1.04077
2025-01-23,1.04156
2025-01-24,1.04919
2025-01-26,1.04673
2025-01-27,1.04369
2025-01-28,1.04271
2025-01-29,1.04245
2025-01-30,1.03966
2025-01-31,1.03602
2025-02-02,1.02467
2025-02-03,1.03279
2025-02-04,1.03712
2025-02-05,1.03985
2025-02-06,1.0385
2025-02-07,1.0326
2025-02-09,1.03095
2025-02-10,1.03005
2025-02-11,1.0363
2025-02-12,1.0392
2025-02-13,1.04614
2025-02-14,1.04913
2025-02-16,1.04883
2025-02-17,1.04848
2025-02-18,1.04479
2025-02-19,1.04206
2025-02-20,1.05001
2025-02-21,1.0457
2025-02-23,1.04736
2025-02-24,1.04611
2025-02-25,1.05204
2025-02-26,1.04876
2025-02-27,1.03936
2025-02-28,1.03747
2025-03-02,1.04119
2025-03-03,1.04851
2025-03-04,1.0623
2025-03-05,1.07941
2025-03-06,1.07871
2025-03-07,1.08292
2025-03-09,1.086
2025-03-10,1.0839
2025-03-11,1.09136
2025-03-12,1.08852
2025-03-13,1.08548
2025-03-14,1.08765
2025-03-16,1.08792
2025-03-17,1.0918
2025-03-18,1.09385
2025-03-19,1.09115
2025-03-20,1.08532
2025-03-21,1.08121
2025-03-23,1.08358
2025-03-24,1.08022
2025-03-25,1.07888
2025-03-26,1.07409
2025-03-27,1.08006
2025-03-28,1.08237
2025-03-30,1.08234
2025-03-31,1.08173
2025-04-01,1.0794
2025-04-02,1.09041
2025-04-03,1.1045
2025-04-04,1.09573
2025-04-06,1.09832
2025-04-07,1.09146
2025-04-08,1.09773
2025-04-09,1.09507
2025-04-10,1.12576
2025-04-11,1.13554
2025-04-13,1.1342
2025-04-14,1.1336
2025-04-15,1.12932
2025-04-16,1.13953
2025-04-17,1.13715
2025-04-18,1.13901
2025-04-20,1.14488
2025-04-21,1.15137
2025-04-22,1.13504
2025-04-23,1.13292
2025-04-24,1.13725
2025-04-25,1.13628
2025-04-27,1.13448
2025-04-28,1.14075
2025-04-29,1.13902
2025-04-30,1.13219
2025-05-01,1.12955
2025-05-02,1.12946
2025-05-04,1.1321
2025-05-05,1.1312
2025-05-06,1.13397
2025-05-07,1.13027
2025-05-08,1.12267
2025-05-09,1.1246
2025-05-11,1.12276
2025-05-12,1.10953
2025-05-13,1.11856
2025-05-14,1.11812
2025-05-15,1.11918
2025-05-16,1.11612
2025-05-18,1.11884
2025-05-19,1.12321
2025-05-20,1.12881
2025-05-21,1.13318
2025-05-22,1.12819
2025-05-23,1.13592
2025-05-25,1.13744
2025-05-26,1.13883
2025-05-27,1.13366
2025-05-28,1.12296
2025-05-29,1.13765
2025-05-30,1.13453
2025-06-01,1.13526
2025-06-02,1.14531
2025-06-03,1.1384
2025-06-04,1.14205
2025-06-05,1.14533
2025-06-06,1.13935
2025-06-08,1.14061
2025-06-09,1.14261
2025-06-10,1.14372
2025-06-11,1.15099
2025-06-12,1.16084
2025-06-13,1.15457
2025-06-15,1.15376
2025-06-16,1.15534
2025-06-17,1.14816
2025-06-18,1.14758
2025-06-19,1.15113
2025-06-20,1.15189
2025-06-22,1.14995
2025-06-23,1.15979
2025-06-24,1.16121
2025-06-25,1.16831
2025-06-26,1.1693
2025-06-27,1.17162
2025-06-29,1.17263
2025-06-30,1.17863
2025-07-01,1.1805
2025-07-02,1.17985
2025-07-03,1.17688
2025-07-04,1.17719
2025-07-06,1.178
2025-07-07,1.17363
2025-07-08,1.17233
2025-07-09,1.17378
2025-07-10,1.17018
2025-07-11,1.16852
2025-07-13,1.16822
2025-07-14,1.1665
2025-07-15,1.1607
2025-07-16,1.16353
2025-07-17,1.1615
2025-07-18,1.16207
2025-07-20,1.16294
2025-07-21,1.16945
2025-07-22,1.17378
2025-07-23,1.17733
2025-07-24,1.17545
2025-07-25,1.17396
2025-07-27,1.17554
2025-07-28,1.15963
2025-07-29,1.15506
2025-07-30,1.14278
2025-07-31,1.14217
2025-08-01,1.1583
2025-08-03,1.15876
2025-08-04,1.15838
2025-08-05,1.15784
2025-08-06,1.1663
2025-08-07,1.16768
2025-08-08,1.16368
2025-08-10,1.16475
2025-08-11,1.1616
2025-08-12,1.16775
2025-08-13,1.1712
2025-08-14,1.16504
2025-08-15,1.17026
2025-08-17,1.17059
2025-08-18,1.16679
2025-08-19,1.16415
2025-08-20,1.16507
2025-08-21,1.16122
2025-08-22,1.17148
2025-08-24,1.17083
2025-08-25,1.16144
2025-08-26,1.16368
2025-08-27,1.16473
2025-08-28,1.16785
2025-08-29,1.16826
2025-08-31,1.169
2025-09-01,1.17147
2025-09-02,1.16327
2025-09-03,1.16608
2025-09-04,1.16567
2025-09-05,1.17141
2025-09-07,1.17121
2025-09-08,1.17684
2025-09-09,1.1702
2025-09-10,1.17024
2025-09-11,1.17329
2025-09-12,1.17301
2025-09-14,1.17253
2025-09-15,1.17628
2025-09-16,1.18709
2025-09-17,1.18251
2025-09-18,1.17889
2025-09-19,1.17405
2025-09-21,1.17365
2025-09-22,1.18004
2025-09-23,1.18153
2025-09-24,1.17423
2025-09-25,1.16616
2025-09-26,1.17005
2025-09-28,1.17048
2025-09-29,1.17305
2025-09-30,1.17344
2025-10-01,1.17327
2025-10-02,1.17244
2025-10-03,1.17382
2025-10-05,1.17116
2025-10-06,1.17092
2025-10-07,1.16526
2025-10-08,1.1629
2025-10-09,1.15652
2025-10-10,1.16149
2025-10-12,1.16015
2025-10-13,1.15658
2025-10-14,1.16032
2025-10-15,1.16456
2025-10-16,1.16988
2025-10-17,1.16509
2025-10-19,1.16578
2025-10-20,1.16439
2025-10-21,1.15993
2025-10-22,1.16071
2025-10-23,1.16171
2025-10-24,1.16266
2025-10-26,1.1631
2025-10-27,1.16508
2025-10-28,1.16568
2025-10-29,1.16028
2025-10-30,1.15714
2025-10-31,1.1537
2025-11-02,1.15274
2025-11-03,1.15184
2025-11-04,1.1485
2025-11-05,1.14957
2025-11-06,1.15485
2025-11-07,1.15656
2025-11-09,1.15433
2025-11-10,1.15565
2025-11-11,1.15867
2025-11-12,1.15915
2025-11-13,1.163
2025-11-14,1.16172
2025-11-16,1.16147
2025-11-17,1.15899
2025-11-18,1.158
2025-11-19,1.15392
2025-11-20,1.15334
2025-11-21,1.15155
2025-11-23,1.15073
2025-11-24,1.152
2025-11-25,1.15648
2025-11-26,1.16017
2025-11-27,1.15996
2025-11-28,1.15973
2025-11-30,1.1601
2025-12-01,1.16066
2025-12-02,1.1628
2025-12-03,1.16661
2025-12-04,1.16431
2025-12-05,1.16388
2025-12-07,1.16404
2025-12-08,1.16407
2025-12-09,1.16278
2025-12-10,1.17013
2025-12-11,1.17407
2025-12-12,1.17396
2025-12-14,1.17369
2025-12-15,1.17533
2025-12-16,1.17492
2025-12-17,1.17414
2025-12-18,1.17246
2025-12-19,1.17103
2025-12-21,1.17103
2025-12-22,1.17634
2025-12-23,1.17946
2025-12-24,1.17714
2025-12-25,1.17833
2025-12-26,1.1768
2025-12-28,1.17722
2025-12-29,1.17722
2025-12-30,1.17456
2025-12-31,1.17455
2026-01-01,1.17506
2026-01-02,1.17199
2026-01-04,1.1705
2026-01-05,1.17144
2026-01-06,1.16868
2026-01-07,1.16767
2026-01-08,1.16578
2026-01-09,1.16298
2026-01-11,1.16235
2026-01-12,1.16673
2026-01-13,1.1642
2026-01-14,1.16449
2026-01-15,1.16088
2026-01-16,1.1595
2026-01-18,1.16241
2026-01-19,1.16393
2026-01-20,1.1727
2026-01-21,1.16728
2026-01-22,1.17538
2026-01-23,1.1828
2026-01-25,1.18602
2026-01-26,1.18738
2026-01-27,1.20227
2026-01-28,1.19808
2026-01-29,1.19674
2026-01-30,1.1849
2026-02-01,1.18461
2026-02-02,1.17987
2026-02-03,1.18155
2026-02-04,1.18015
2026-02-05,1.17764
2026-02-06,1.18115
2026-02-08,1.18266
2026-02-09,1.19036
2026-02-10,1.18876
2026-02-11,1.18746
2026-02-12,1.18691
2026-02-13,1.18655
2026-02-15,1.18667
2026-02-16,1.18503
2026-02-17,1.18507
2026-02-18,1.17885
2026-02-19,1.17682
2026-02-20,1.17814
2026-02-22,1.18333
2026-02-23,1.17929
2026-02-24,1.17738
2026-02-25,1.1815
2026-02-26,1.18031
2026-02-27,1.18122
2026-03-01,1.1759
2026-03-02,1.16944
2026-03-03,1.16104
2026-03-04,1.16346
2026-03-05,1.16064
2026-03-06,1.1617
2026-03-08,1.15243
2026-03-09,1.16163
2026-03-10,1.16111
2026-03-11,1.15425
2026-03-12,1.15207
2026-03-13,1.14161
2026-03-15,1.14353
2026-03-16,1.14983
2026-03-17,1.15387
2026-03-18,1.14632
2026-03-19,1.15763
2026-03-20,1.15694
2026-03-22,1.15618
2026-03-23,1.16151
