Date,US_2Y,DE_2Y,Spread
2016-03-24,0.89,-0.49,1.38
2016-03-29,0.78,-0.5,1.28
2016-03-30,0.76,-0.49,1.25
2016-03-31,0.73,-0.5,1.23
2016-04-01,0.76,-0.49,1.25
2016-04-04,0.75,-0.48,1.23
2016-04-05,0.72,-0.49,1.21
2016-04-06,0.73,-0.49,1.22
2016-04-07,0.7,-0.5,1.2
2016-04-08,0.7,-0.51,1.21
2016-04-11,0.7,-0.52,1.22
2016-04-12,0.74,-0.52,1.26
2016-04-13,0.75,-0.52,1.27
2016-04-14,0.77,-0.52,1.29
2016-04-15,0.74,-0.51,1.25
2016-04-18,0.75,-0.52,1.27
2016-04-19,0.77,-0.51,1.28
2016-04-20,0.8,-0.51,1.31
2016-04-21,0.82,-0.5,1.3199999999999998
2016-04-22,0.84,-0.5,1.3399999999999999
2016-04-25,0.85,-0.51,1.3599999999999999
2016-04-26,0.86,-0.5,1.3599999999999999
2016-04-27,0.83,-0.5,1.33
2016-04-28,0.78,-0.51,1.29
2016-04-29,0.77,-0.5,1.27
2016-05-02,0.8,-0.49,1.29
2016-05-03,0.75,-0.49,1.24
2016-05-04,0.75,-0.5,1.25
2016-05-05,0.72,-0.5,1.22
2016-05-06,0.74,-0.51,1.25
2016-05-09,0.72,-0.51,1.23
2016-05-10,0.72,-0.51,1.23
2016-05-11,0.74,-0.51,1.25
2016-05-12,0.76,-0.52,1.28
2016-05-13,0.76,-0.52,1.28
2016-05-17,0.82,-0.51,1.33
2016-05-18,0.9,-0.51,1.4100000000000001
2016-05-19,0.89,-0.5,1.3900000000000001
2016-05-20,0.89,-0.51,1.4
2016-05-23,0.91,-0.51,1.42
2016-05-24,0.92,-0.51,1.4300000000000002
2016-05-25,0.92,-0.51,1.4300000000000002
2016-05-26,0.87,-0.52,1.3900000000000001
2016-05-27,0.9,-0.52,1.42
2016-05-31,0.87,-0.51,1.38
2016-06-01,0.91,-0.52,1.4300000000000002
2016-06-02,0.89,-0.51,1.4
2016-06-03,0.78,-0.52,1.3
2016-06-06,0.8,-0.54,1.34
2016-06-07,0.78,-0.54,1.32
2016-06-08,0.78,-0.54,1.32
2016-06-09,0.77,-0.54,1.31
2016-06-10,0.73,-0.55,1.28
2016-06-13,0.73,-0.55,1.28
2016-06-14,0.74,-0.58,1.3199999999999998
2016-06-15,0.69,-0.58,1.27
2016-06-16,0.7,-0.59,1.29
2016-06-17,0.7,-0.6,1.2999999999999998
2016-06-20,0.74,-0.59,1.33
2016-06-21,0.76,-0.58,1.3399999999999999
2016-06-22,0.75,-0.59,1.3399999999999999
2016-06-23,0.78,-0.58,1.3599999999999999
2016-06-24,0.64,-0.64,1.28
2016-06-27,0.61,-0.66,1.27
2016-06-28,0.61,-0.65,1.26
2016-06-29,0.62,-0.66,1.28
2016-06-30,0.58,-0.65,1.23
2016-07-01,0.59,-0.65,1.24
2016-07-05,0.56,-0.68,1.2400000000000002
2016-07-06,0.58,-0.69,1.27
2016-07-07,0.58,-0.68,1.26
2016-07-08,0.61,-0.68,1.29
2016-07-11,0.66,-0.71,1.37
2016-07-12,0.69,-0.69,1.38
2016-07-13,0.68,-0.68,1.36
2016-07-14,0.68,-0.67,1.35
2016-07-15,0.71,-0.66,1.37
2016-07-18,0.68,-0.66,1.34
2016-07-19,0.7,-0.65,1.35
2016-07-20,0.73,-0.64,1.37
2016-07-21,0.7,-0.61,1.31
2016-07-22,0.71,-0.62,1.33
2016-07-25,0.72,-0.61,1.33
2016-07-26,0.75,-0.62,1.37
2016-07-27,0.73,-0.62,1.35
2016-07-28,0.72,-0.62,1.3399999999999999
2016-07-29,0.67,-0.61,1.28
2016-08-01,0.67,-0.63,1.3
2016-08-02,0.67,-0.61,1.28
2016-08-03,0.67,-0.6,1.27
2016-08-04,0.64,-0.6,1.24
2016-08-05,0.72,-0.62,1.3399999999999999
2016-08-08,0.74,-0.62,1.3599999999999999
2016-08-09,0.71,-0.62,1.33
2016-08-10,0.69,-0.63,1.3199999999999998
2016-08-11,0.76,-0.64,1.4
2016-08-12,0.71,-0.63,1.3399999999999999
2016-08-15,0.72,-0.63,1.35
2016-08-16,0.76,-0.62,1.38
2016-08-17,0.74,-0.62,1.3599999999999999
2016-08-18,0.71,-0.62,1.33
2016-08-19,0.76,-0.63,1.3900000000000001
2016-08-22,0.76,-0.62,1.38
2016-08-23,0.74,-0.63,1.37
2016-08-24,0.76,-0.63,1.3900000000000001
2016-08-25,0.78,-0.62,1.4
2016-08-26,0.84,-0.62,1.46
2016-08-29,0.81,-0.62,1.4300000000000002
2016-08-30,0.8,-0.62,1.42
2016-08-31,0.8,-0.63,1.4300000000000002
2016-09-01,0.78,-0.62,1.4
2016-09-02,0.8,-0.63,1.4300000000000002
2016-09-06,0.74,-0.65,1.3900000000000001
2016-09-07,0.74,-0.67,1.4100000000000001
2016-09-08,0.78,-0.68,1.46
2016-09-09,0.79,-0.65,1.44
2016-09-12,0.79,-0.63,1.42
2016-09-13,0.8,-0.64,1.44
2016-09-14,0.77,-0.64,1.4100000000000001
2016-09-15,0.74,-0.65,1.3900000000000001
2016-09-16,0.77,-0.66,1.4300000000000002
2016-09-19,0.79,-0.66,1.4500000000000002
2016-09-20,0.79,-0.66,1.4500000000000002
2016-09-21,0.79,-0.67,1.46
2016-09-22,0.79,-0.67,1.46
2016-09-23,0.77,-0.67,1.44
2016-09-26,0.76,-0.68,1.44
2016-09-27,0.75,-0.71,1.46
2016-09-28,0.75,-0.7,1.45
2016-09-29,0.73,-0.69,1.42
2016-09-30,0.77,-0.7,1.47
2016-10-04,0.82,-0.7,1.52
2016-10-05,0.85,-0.68,1.53
2016-10-06,0.86,-0.68,1.54
2016-10-07,0.83,-0.66,1.49
2016-10-11,0.87,-0.67,1.54
2016-10-12,0.87,-0.67,1.54
2016-10-13,0.85,-0.67,1.52
2016-10-14,0.84,-0.66,1.5
2016-10-17,0.81,-0.65,1.46
2016-10-18,0.82,-0.66,1.48
2016-10-19,0.81,-0.67,1.48
2016-10-20,0.84,-0.66,1.5
2016-10-21,0.84,-0.67,1.51
2016-10-24,0.84,-0.67,1.51
2016-10-25,0.86,-0.66,1.52
2016-10-26,0.86,-0.65,1.51
2016-10-27,0.87,-0.63,1.5
2016-10-28,0.86,-0.62,1.48
2016-10-31,0.86,-0.62,1.48
2016-11-01,0.83,-0.62,1.45
2016-11-02,0.81,-0.64,1.4500000000000002
2016-11-03,0.81,-0.63,1.44
2016-11-04,0.8,-0.64,1.44
2016-11-07,0.82,-0.64,1.46
2016-11-08,0.87,-0.64,1.51
2016-11-09,0.9,-0.64,1.54
2016-11-10,0.92,-0.63,1.55
2016-11-14,1.0,-0.6,1.6
2016-11-15,1.02,-0.63,1.65
2016-11-16,1.0,-0.63,1.63
2016-11-17,1.04,-0.64,1.6800000000000002
2016-11-18,1.07,-0.64,1.71
2016-11-21,1.08,-0.68,1.7600000000000002
2016-11-22,1.07,-0.71,1.78
2016-11-23,1.12,-0.74,1.86
2016-11-25,1.12,-0.75,1.87
2016-11-28,1.11,-0.76,1.87
2016-11-29,1.09,-0.76,1.85
2016-11-30,1.11,-0.75,1.86
2016-12-01,1.14,-0.74,1.88
2016-12-02,1.11,-0.75,1.86
2016-12-05,1.13,-0.74,1.8699999999999999
2016-12-06,1.12,-0.72,1.84
2016-12-07,1.1,-0.7,1.8
2016-12-08,1.12,-0.68,1.8000000000000003
2016-12-09,1.15,-0.75,1.9
2016-12-12,1.15,-0.75,1.9
2016-12-13,1.17,-0.75,1.92
2016-12-14,1.27,-0.77,2.04
2016-12-15,1.29,-0.78,2.0700000000000003
2016-12-16,1.28,-0.81,2.09
2016-12-19,1.24,-0.81,2.05
2016-12-20,1.25,-0.8,2.05
2016-12-21,1.21,-0.8,2.01
2016-12-22,1.22,-0.8,2.02
2016-12-23,1.22,-0.8,2.02
2016-12-27,1.28,-0.82,2.1
2016-12-28,1.26,-0.84,2.1
2016-12-29,1.22,-0.82,2.04
2016-12-30,1.2,-0.79,1.99
2017-01-03,1.22,-0.78,2.0
2017-01-04,1.24,-0.79,2.0300000000000002
2017-01-05,1.17,-0.77,1.94
2017-01-06,1.22,-0.72,1.94
2017-01-09,1.21,-0.74,1.95
2017-01-10,1.19,-0.74,1.93
2017-01-11,1.2,-0.72,1.92
2017-01-12,1.18,-0.72,1.9
2017-01-13,1.21,-0.72,1.93
2017-01-17,1.17,-0.75,1.92
2017-01-18,1.23,-0.74,1.97
2017-01-19,1.25,-0.71,1.96
2017-01-20,1.2,-0.7,1.9
2017-01-23,1.16,-0.68,1.8399999999999999
2017-01-24,1.21,-0.68,1.8900000000000001
2017-01-25,1.23,-0.67,1.9
2017-01-26,1.21,-0.65,1.8599999999999999
2017-01-27,1.22,-0.66,1.88
2017-01-30,1.22,-0.66,1.88
2017-01-31,1.19,-0.68,1.87
2017-02-01,1.22,-0.71,1.93
2017-02-02,1.21,-0.74,1.95
2017-02-03,1.21,-0.73,1.94
2017-02-06,1.16,-0.76,1.92
2017-02-07,1.16,-0.79,1.95
2017-02-08,1.15,-0.79,1.94
2017-02-09,1.2,-0.8,2.0
2017-02-10,1.2,-0.78,1.98
2017-02-13,1.2,-0.8,2.0
2017-02-14,1.25,-0.81,2.06
2017-02-15,1.27,-0.81,2.08
2017-02-16,1.22,-0.8,2.02
2017-02-17,1.21,-0.81,2.02
2017-02-21,1.22,-0.86,2.08
2017-02-22,1.22,-0.91,2.13
2017-02-23,1.18,-0.89,2.07
2017-02-24,1.12,-0.96,2.08
2017-02-27,1.2,-0.95,2.15
2017-02-28,1.22,-0.91,2.13
2017-03-01,1.29,-0.88,2.17
2017-03-02,1.32,-0.85,2.17
2017-03-03,1.32,-0.86,2.18
2017-03-06,1.31,-0.83,2.14
2017-03-07,1.32,-0.88,2.2
2017-03-08,1.36,-0.88,2.24
2017-03-09,1.37,-0.85,2.22
2017-03-10,1.36,-0.86,2.22
2017-03-13,1.4,-0.83,2.23
2017-03-14,1.4,-0.81,2.21
2017-03-15,1.33,-0.82,2.15
2017-03-16,1.35,-0.82,2.17
2017-03-17,1.33,-0.78,2.1100000000000003
2017-03-20,1.3,-0.78,2.08
2017-03-21,1.27,-0.76,2.0300000000000002
2017-03-22,1.27,-0.77,2.04
2017-03-23,1.26,-0.77,2.0300000000000002
2017-03-24,1.26,-0.74,2.0
2017-03-27,1.27,-0.74,2.01
2017-03-28,1.3,-0.71,2.01
2017-03-29,1.26,-0.72,1.98
2017-03-30,1.28,-0.75,2.0300000000000002
2017-03-31,1.27,-0.73,2.0
2017-04-03,1.24,-0.78,2.02
2017-04-04,1.25,-0.84,2.09
2017-04-05,1.24,-0.79,2.0300000000000002
2017-04-06,1.24,-0.8,2.04
2017-04-07,1.29,-0.8,2.09
2017-04-10,1.29,-0.83,2.12
2017-04-11,1.24,-0.84,2.08
2017-04-12,1.24,-0.86,2.1
2017-04-13,1.21,-0.87,2.08
2017-04-18,1.18,-0.87,2.05
2017-04-19,1.19,-0.84,2.03
2017-04-20,1.21,-0.79,2.0
2017-04-21,1.2,-0.82,2.02
2017-04-24,1.25,-0.7,1.95
2017-04-25,1.29,-0.68,1.9700000000000002
2017-04-26,1.28,-0.69,1.97
2017-04-27,1.25,-0.7,1.95
2017-04-28,1.28,-0.73,2.01
2017-05-02,1.27,-0.73,2.0
2017-05-03,1.3,-0.73,2.0300000000000002
2017-05-04,1.32,-0.73,2.05
2017-05-05,1.32,-0.72,2.04
2017-05-08,1.33,-0.68,2.0100000000000002
2017-05-09,1.37,-0.66,2.0300000000000002
2017-05-10,1.35,-0.68,2.0300000000000002
2017-05-11,1.35,-0.66,2.0100000000000002
2017-05-12,1.29,-0.68,1.9700000000000002
2017-05-15,1.31,-0.68,1.9900000000000002
2017-05-16,1.29,-0.68,1.9700000000000002
2017-05-17,1.26,-0.67,1.9300000000000002
2017-05-18,1.27,-0.7,1.97
2017-05-19,1.28,-0.69,1.97
2017-05-22,1.29,-0.69,1.98
2017-05-23,1.31,-0.64,1.9500000000000002
2017-05-24,1.29,-0.66,1.9500000000000002
2017-05-25,1.3,-0.68,1.98
2017-05-26,1.3,-0.69,1.99
2017-05-30,1.28,-0.72,2.0
2017-05-31,1.28,-0.71,1.99
2017-06-01,1.28,-0.72,2.0
2017-06-02,1.28,-0.72,2.0
2017-06-06,1.3,-0.73,2.0300000000000002
2017-06-07,1.32,-0.74,2.06
2017-06-08,1.33,-0.72,2.05
2017-06-09,1.35,-0.74,2.09
2017-06-12,1.35,-0.74,2.09
2017-06-13,1.38,-0.72,2.0999999999999996
2017-06-14,1.35,-0.7,2.05
2017-06-15,1.35,-0.67,2.02
2017-06-16,1.32,-0.64,1.96
2017-06-19,1.36,-0.66,2.02
2017-06-20,1.36,-0.66,2.02
2017-06-21,1.36,-0.66,2.02
2017-06-22,1.34,-0.63,1.9700000000000002
2017-06-23,1.34,-0.62,1.96
2017-06-26,1.36,-0.63,1.9900000000000002
2017-06-27,1.38,-0.6,1.98
2017-06-28,1.34,-0.58,1.92
2017-06-29,1.38,-0.58,1.96
2017-06-30,1.38,-0.58,1.96
2017-07-03,1.41,-0.59,2.0
2017-07-05,1.41,-0.61,2.02
2017-07-06,1.4,-0.6,2.0
2017-07-07,1.4,-0.59,1.9899999999999998
2017-07-10,1.4,-0.62,2.02
2017-07-11,1.37,-0.6,1.9700000000000002
2017-07-12,1.35,-0.62,1.9700000000000002
2017-07-13,1.37,-0.63,2.0
2017-07-14,1.35,-0.63,1.98
2017-07-17,1.36,-0.63,1.9900000000000002
2017-07-18,1.36,-0.63,1.9900000000000002
2017-07-19,1.37,-0.65,2.02
2017-07-20,1.37,-0.64,2.0100000000000002
2017-07-21,1.36,-0.66,2.02
2017-07-24,1.37,-0.66,2.0300000000000002
2017-07-25,1.4,-0.67,2.07
2017-07-26,1.36,-0.66,2.02
2017-07-27,1.36,-0.68,2.04
2017-07-28,1.34,-0.66,2.0
2017-07-31,1.34,-0.68,2.02
2017-08-01,1.34,-0.69,2.0300000000000002
2017-08-02,1.36,-0.7,2.06
2017-08-03,1.34,-0.69,2.0300000000000002
2017-08-04,1.36,-0.69,2.05
2017-08-07,1.36,-0.68,2.04
2017-08-08,1.36,-0.68,2.04
2017-08-09,1.33,-0.7,2.0300000000000002
2017-08-10,1.33,-0.69,2.02
2017-08-11,1.3,-0.72,2.02
2017-08-14,1.33,-0.72,2.05
2017-08-15,1.35,-0.72,2.0700000000000003
2017-08-16,1.33,-0.71,2.04
2017-08-17,1.32,-0.71,2.0300000000000002
2017-08-18,1.33,-0.72,2.05
2017-08-21,1.32,-0.71,2.0300000000000002
2017-08-22,1.33,-0.72,2.05
2017-08-23,1.32,-0.72,2.04
2017-08-24,1.33,-0.73,2.06
2017-08-25,1.35,-0.73,2.08
2017-08-28,1.33,-0.74,2.0700000000000003
2017-08-29,1.33,-0.73,2.06
2017-08-30,1.33,-0.73,2.06
2017-08-31,1.33,-0.73,2.06
2017-09-01,1.35,-0.73,2.08
2017-09-05,1.3,-0.74,2.04
2017-09-06,1.3,-0.75,2.05
2017-09-07,1.27,-0.73,2.0
2017-09-08,1.27,-0.76,2.0300000000000002
2017-09-11,1.32,-0.76,2.08
2017-09-12,1.33,-0.75,2.08
2017-09-13,1.35,-0.73,2.08
2017-09-14,1.37,-0.73,2.1
2017-09-15,1.39,-0.71,2.0999999999999996
2017-09-18,1.4,-0.71,2.11
2017-09-19,1.4,-0.73,2.13
2017-09-20,1.45,-0.7,2.15
2017-09-21,1.45,-0.68,2.13
2017-09-22,1.46,-0.68,2.14
2017-09-25,1.44,-0.7,2.1399999999999997
2017-09-26,1.45,-0.71,2.16
2017-09-27,1.47,-0.7,2.17
2017-09-28,1.45,-0.69,2.1399999999999997
2017-09-29,1.47,-0.71,2.1799999999999997
2017-10-02,1.49,-0.71,2.2
2017-10-04,1.47,-0.72,2.19
2017-10-05,1.49,-0.7,2.19
2017-10-06,1.54,-0.69,2.23
2017-10-10,1.51,-0.71,2.2199999999999998
2017-10-11,1.51,-0.71,2.2199999999999998
2017-10-12,1.51,-0.7,2.21
2017-10-13,1.51,-0.72,2.23
2017-10-16,1.54,-0.74,2.2800000000000002
2017-10-17,1.54,-0.74,2.2800000000000002
2017-10-18,1.59,-0.73,2.3200000000000003
2017-10-19,1.58,-0.72,2.3
2017-10-20,1.6,-0.72,2.3200000000000003
2017-10-23,1.58,-0.73,2.31
2017-10-24,1.6,-0.72,2.3200000000000003
2017-10-25,1.61,-0.7,2.31
2017-10-26,1.63,-0.71,2.34
2017-10-27,1.59,-0.75,2.34
2017-10-30,1.58,-0.76,2.34
2017-11-01,1.61,-0.75,2.3600000000000003
2017-11-02,1.61,-0.75,2.3600000000000003
2017-11-03,1.63,-0.76,2.3899999999999997
2017-11-06,1.61,-0.77,2.38
2017-11-07,1.63,-0.76,2.3899999999999997
2017-11-08,1.65,-0.77,2.42
2017-11-09,1.63,-0.76,2.3899999999999997
2017-11-10,1.67,-0.75,2.42
2017-11-13,1.7,-0.76,2.46
2017-11-14,1.68,-0.71,2.3899999999999997
2017-11-15,1.68,-0.72,2.4
2017-11-16,1.72,-0.71,2.4299999999999997
2017-11-17,1.73,-0.71,2.44
2017-11-20,1.77,-0.72,2.49
2017-11-21,1.77,-0.73,2.5
2017-11-22,1.74,-0.7,2.44
2017-11-24,1.75,-0.69,2.44
2017-11-27,1.74,-0.7,2.44
2017-11-28,1.75,-0.71,2.46
2017-11-29,1.78,-0.69,2.4699999999999998
2017-11-30,1.78,-0.69,2.4699999999999998
2017-12-01,1.78,-0.7,2.48
2017-12-04,1.8,-0.71,2.51
2017-12-05,1.83,-0.72,2.55
2017-12-06,1.78,-0.74,2.52
2017-12-07,1.8,-0.75,2.55
2017-12-08,1.8,-0.76,2.56
2017-12-11,1.82,-0.75,2.5700000000000003
2017-12-12,1.83,-0.74,2.5700000000000003
2017-12-13,1.79,-0.74,2.5300000000000002
2017-12-14,1.82,-0.73,2.55
2017-12-15,1.84,-0.74,2.58
2017-12-18,1.84,-0.71,2.55
2017-12-19,1.87,-0.71,2.58
2017-12-20,1.87,-0.68,2.5500000000000003
2017-12-21,1.89,-0.66,2.55
2017-12-22,1.91,-0.65,2.56
2017-12-27,1.89,-0.64,2.53
2017-12-28,1.91,-0.63,2.54
2017-12-29,1.89,-0.62,2.51
2018-01-02,1.92,-0.63,2.55
2018-01-03,1.94,-0.63,2.57
2018-01-04,1.96,-0.62,2.58
2018-01-05,1.96,-0.62,2.58
2018-01-08,1.96,-0.62,2.58
2018-01-09,1.98,-0.62,2.6
2018-01-10,1.98,-0.62,2.6
2018-01-11,1.98,-0.62,2.6
2018-01-12,1.99,-0.57,2.56
2018-01-16,2.03,-0.58,2.61
2018-01-17,2.05,-0.58,2.63
2018-01-18,2.05,-0.57,2.6199999999999997
2018-01-19,2.06,-0.59,2.65
2018-01-22,2.08,-0.61,2.69
2018-01-23,2.06,-0.61,2.67
2018-01-24,2.08,-0.59,2.67
2018-01-25,2.08,-0.59,2.67
2018-01-26,2.13,-0.57,2.6999999999999997
2018-01-29,2.11,-0.53,2.6399999999999997
2018-01-30,2.13,-0.54,2.67
2018-01-31,2.14,-0.54,2.68
2018-02-01,2.16,-0.54,2.7
2018-02-02,2.15,-0.55,2.7
2018-02-05,2.08,-0.56,2.64
2018-02-06,2.1,-0.58,2.68
2018-02-07,2.15,-0.57,2.7199999999999998
2018-02-08,2.13,-0.55,2.6799999999999997
2018-02-09,2.05,-0.56,2.61
2018-02-12,2.09,-0.57,2.6599999999999997
2018-02-13,2.1,-0.58,2.68
2018-02-14,2.17,-0.58,2.75
2018-02-15,2.19,-0.56,2.75
2018-02-16,2.21,-0.57,2.78
2018-02-20,2.25,-0.52,2.77
2018-02-21,2.26,-0.53,2.79
2018-02-22,2.25,-0.53,2.7800000000000002
2018-02-23,2.25,-0.55,2.8
2018-02-26,2.22,-0.54,2.7600000000000002
2018-02-27,2.27,-0.53,2.8
2018-02-28,2.25,-0.53,2.7800000000000002
2018-03-01,2.22,-0.56,2.7800000000000002
2018-03-02,2.25,-0.56,2.81
2018-03-05,2.24,-0.57,2.81
2018-03-06,2.25,-0.56,2.81
2018-03-07,2.25,-0.56,2.81
2018-03-08,2.25,-0.54,2.79
2018-03-09,2.27,-0.56,2.83
2018-03-12,2.27,-0.57,2.84
2018-03-13,2.26,-0.59,2.8499999999999996
2018-03-14,2.26,-0.58,2.84
2018-03-15,2.29,-0.58,2.87
2018-03-16,2.31,-0.59,2.9
2018-03-19,2.31,-0.6,2.91
2018-03-20,2.34,-0.59,2.9299999999999997
2018-03-21,2.31,-0.59,2.9
2018-03-22,2.29,-0.61,2.9
2018-03-23,2.28,-0.62,2.9
2018-03-26,2.33,-0.61,2.94
2018-03-27,2.26,-0.62,2.88
2018-03-28,2.28,-0.62,2.9
2018-03-29,2.27,-0.61,2.88
2018-04-03,2.28,-0.6,2.88
2018-04-04,2.28,-0.6,2.88
2018-04-05,2.3,-0.59,2.8899999999999997
2018-04-06,2.27,-0.59,2.86
2018-04-09,2.29,-0.6,2.89
2018-04-10,2.32,-0.59,2.9099999999999997
2018-04-11,2.32,-0.58,2.9
2018-04-12,2.34,-0.58,2.92
2018-04-13,2.37,-0.58,2.95
2018-04-16,2.39,-0.58,2.97
2018-04-17,2.41,-0.58,2.99
2018-04-18,2.42,-0.59,3.01
2018-04-19,2.44,-0.57,3.01
2018-04-20,2.46,-0.56,3.02
2018-04-23,2.49,-0.56,3.0500000000000003
2018-04-24,2.48,-0.56,3.04
2018-04-25,2.49,-0.55,3.04
2018-04-26,2.49,-0.56,3.0500000000000003
2018-04-27,2.49,-0.57,3.06
2018-04-30,2.49,-0.58,3.0700000000000003
2018-05-02,2.49,-0.58,3.0700000000000003
2018-05-03,2.49,-0.59,3.08
2018-05-04,2.51,-0.59,3.0999999999999996
2018-05-07,2.49,-0.59,3.08
2018-05-08,2.51,-0.59,3.0999999999999996
2018-05-09,2.54,-0.58,3.12
2018-05-10,2.54,-0.59,3.13
2018-05-11,2.54,-0.59,3.13
2018-05-14,2.55,-0.57,3.1199999999999997
2018-05-15,2.58,-0.56,3.14
2018-05-16,2.58,-0.57,3.15
2018-05-17,2.57,-0.57,3.1399999999999997
2018-05-18,2.55,-0.57,3.1199999999999997
2018-05-22,2.59,-0.61,3.1999999999999997
2018-05-23,2.53,-0.58,3.11
2018-05-24,2.5,-0.57,3.07
2018-05-25,2.48,-0.61,3.09
2018-05-29,2.32,-0.82,3.1399999999999997
2018-05-30,2.42,-0.72,3.1399999999999997
2018-05-31,2.4,-0.65,3.05
2018-06-01,2.47,-0.64,3.1100000000000003
2018-06-04,2.52,-0.63,3.15
2018-06-05,2.49,-0.63,3.12
2018-06-06,2.52,-0.63,3.15
2018-06-07,2.5,-0.6,3.1
2018-06-08,2.5,-0.65,3.15
2018-06-11,2.52,-0.63,3.15
2018-06-12,2.54,-0.59,3.13
2018-06-13,2.59,-0.6,3.19
2018-06-14,2.59,-0.59,3.1799999999999997
2018-06-15,2.55,-0.63,3.1799999999999997
2018-06-18,2.56,-0.62,3.18
2018-06-19,2.54,-0.64,3.18
2018-06-20,2.56,-0.63,3.19
2018-06-21,2.56,-0.65,3.21
2018-06-22,2.56,-0.67,3.23
2018-06-25,2.54,-0.67,3.21
2018-06-26,2.53,-0.68,3.21
2018-06-27,2.52,-0.69,3.21
2018-06-28,2.52,-0.68,3.2
2018-06-29,2.52,-0.64,3.16
2018-07-02,2.57,-0.68,3.25
2018-07-03,2.53,-0.67,3.1999999999999997
2018-07-05,2.55,-0.64,3.19
2018-07-06,2.53,-0.66,3.19
2018-07-09,2.57,-0.66,3.23
2018-07-10,2.59,-0.65,3.2399999999999998
2018-07-11,2.58,-0.65,3.23
2018-07-12,2.6,-0.64,3.24
2018-07-13,2.59,-0.65,3.2399999999999998
2018-07-16,2.59,-0.63,3.2199999999999998
2018-07-17,2.62,-0.63,3.25
2018-07-18,2.6,-0.64,3.24
2018-07-19,2.6,-0.64,3.24
2018-07-20,2.6,-0.64,3.24
2018-07-23,2.64,-0.62,3.2600000000000002
2018-07-24,2.63,-0.61,3.2399999999999998
2018-07-25,2.66,-0.62,3.2800000000000002
2018-07-26,2.69,-0.6,3.29
2018-07-27,2.67,-0.6,3.27
2018-07-30,2.66,-0.59,3.25
2018-07-31,2.67,-0.59,3.26
2018-08-01,2.67,-0.57,3.2399999999999998
2018-08-02,2.66,-0.56,3.22
2018-08-03,2.63,-0.6,3.23
2018-08-06,2.64,-0.59,3.23
2018-08-07,2.68,-0.59,3.27
2018-08-08,2.68,-0.6,3.2800000000000002
2018-08-09,2.64,-0.61,3.25
2018-08-10,2.61,-0.64,3.25
2018-08-13,2.61,-0.65,3.26
2018-08-14,2.63,-0.65,3.28
2018-08-15,2.61,-0.64,3.25
2018-08-16,2.63,-0.65,3.28
2018-08-17,2.61,-0.65,3.26
2018-08-20,2.6,-0.65,3.25
2018-08-21,2.61,-0.61,3.2199999999999998
2018-08-22,2.6,-0.6,3.2
2018-08-23,2.61,-0.59,3.1999999999999997
2018-08-24,2.63,-0.61,3.2399999999999998
2018-08-27,2.67,-0.59,3.26
2018-08-28,2.67,-0.59,3.26
2018-08-29,2.67,-0.58,3.25
2018-08-30,2.64,-0.59,3.23
2018-08-31,2.62,-0.6,3.22
2018-09-04,2.66,-0.6,3.2600000000000002
2018-09-05,2.66,-0.58,3.24
2018-09-06,2.64,-0.57,3.21
2018-09-07,2.71,-0.57,3.28
2018-09-10,2.73,-0.55,3.2800000000000002
2018-09-11,2.76,-0.54,3.3
2018-09-12,2.74,-0.55,3.29
2018-09-13,2.76,-0.56,3.32
2018-09-14,2.78,-0.55,3.33
2018-09-17,2.78,-0.54,3.32
2018-09-18,2.81,-0.54,3.35
2018-09-19,2.81,-0.53,3.34
2018-09-20,2.81,-0.53,3.34
2018-09-21,2.81,-0.54,3.35
2018-09-24,2.83,-0.54,3.37
2018-09-25,2.83,-0.52,3.35
2018-09-26,2.83,-0.5,3.33
2018-09-27,2.83,-0.51,3.34
2018-09-28,2.81,-0.52,3.33
2018-10-01,2.82,-0.53,3.3499999999999996
2018-10-02,2.82,-0.57,3.3899999999999997
2018-10-04,2.87,-0.52,3.39
2018-10-05,2.88,-0.52,3.4
2018-10-09,2.88,-0.54,3.42
2018-10-10,2.88,-0.53,3.41
2018-10-11,2.85,-0.55,3.4000000000000004
2018-10-12,2.85,-0.55,3.4000000000000004
2018-10-15,2.85,-0.57,3.42
2018-10-16,2.87,-0.56,3.43
2018-10-17,2.89,-0.58,3.47
2018-10-18,2.87,-0.58,3.45
2018-10-19,2.92,-0.63,3.55
2018-10-22,2.92,-0.59,3.51
2018-10-23,2.89,-0.61,3.5
2018-10-24,2.84,-0.62,3.46
2018-10-25,2.86,-0.63,3.4899999999999998
2018-10-26,2.81,-0.64,3.45
2018-10-29,2.81,-0.62,3.43
2018-10-30,2.84,-0.63,3.4699999999999998
2018-10-31,2.87,-0.63,3.5
2018-11-01,2.84,-0.61,3.4499999999999997
2018-11-02,2.91,-0.61,3.52
2018-11-05,2.91,-0.62,3.5300000000000002
2018-11-06,2.93,-0.62,3.5500000000000003
2018-11-07,2.96,-0.6,3.56
2018-11-08,2.98,-0.59,3.57
2018-11-09,2.94,-0.6,3.54
2018-11-13,2.89,-0.58,3.47
2018-11-14,2.86,-0.58,3.44
2018-11-15,2.86,-0.61,3.4699999999999998
2018-11-16,2.81,-0.59,3.4
2018-11-19,2.79,-0.58,3.37
2018-11-20,2.79,-0.6,3.39
2018-11-21,2.81,-0.58,3.39
2018-11-23,2.81,-0.59,3.4
2018-11-26,2.84,-0.58,3.42
2018-11-27,2.83,-0.58,3.41
2018-11-28,2.81,-0.59,3.4
2018-11-29,2.81,-0.6,3.41
2018-11-30,2.8,-0.61,3.4099999999999997
2018-12-03,2.83,-0.59,3.42
2018-12-04,2.8,-0.62,3.42
2018-12-06,2.75,-0.62,3.37
2018-12-07,2.72,-0.62,3.3400000000000003
2018-12-10,2.72,-0.59,3.31
2018-12-11,2.78,-0.57,3.3499999999999996
2018-12-12,2.77,-0.6,3.37
2018-12-13,2.75,-0.57,3.32
2018-12-14,2.73,-0.61,3.34
2018-12-17,2.7,-0.62,3.3200000000000003
2018-12-18,2.65,-0.62,3.27
2018-12-19,2.63,-0.6,3.23
2018-12-20,2.67,-0.61,3.28
2018-12-21,2.63,-0.6,3.23
2018-12-27,2.56,-0.63,3.19
2018-12-28,2.52,-0.63,3.15
2019-01-02,2.5,-0.63,3.13
2019-01-03,2.39,-0.62,3.0100000000000002
2019-01-04,2.5,-0.61,3.11
2019-01-07,2.53,-0.6,3.13
2019-01-08,2.58,-0.58,3.16
2019-01-09,2.56,-0.58,3.14
2019-01-10,2.56,-0.59,3.15
2019-01-11,2.55,-0.6,3.15
2019-01-14,2.53,-0.61,3.1399999999999997
2019-01-15,2.53,-0.61,3.1399999999999997
2019-01-16,2.55,-0.61,3.1599999999999997
2019-01-17,2.56,-0.6,3.16
2019-01-18,2.62,-0.58,3.2
2019-01-22,2.58,-0.59,3.17
2019-01-23,2.58,-0.59,3.17
2019-01-24,2.56,-0.59,3.15
2019-01-25,2.6,-0.58,3.18
2019-01-28,2.6,-0.59,3.19
2019-01-29,2.56,-0.58,3.14
2019-01-30,2.52,-0.57,3.09
2019-01-31,2.45,-0.56,3.0100000000000002
2019-02-01,2.52,-0.57,3.09
2019-02-04,2.53,-0.58,3.11
2019-02-05,2.53,-0.57,3.0999999999999996
2019-02-06,2.52,-0.57,3.09
2019-02-07,2.48,-0.56,3.04
2019-02-08,2.45,-0.58,3.0300000000000002
2019-02-11,2.48,-0.59,3.07
2019-02-12,2.5,-0.57,3.07
2019-02-13,2.53,-0.57,3.0999999999999996
2019-02-14,2.5,-0.56,3.06
2019-02-15,2.52,-0.56,3.08
2019-02-19,2.5,-0.58,3.08
2019-02-20,2.5,-0.57,3.07
2019-02-21,2.53,-0.56,3.09
2019-02-22,2.48,-0.56,3.04
2019-02-25,2.51,-0.56,3.07
2019-02-26,2.48,-0.54,3.02
2019-02-27,2.5,-0.54,3.04
2019-02-28,2.52,-0.54,3.06
2019-03-01,2.55,-0.53,3.08
2019-03-04,2.55,-0.51,3.0599999999999996
2019-03-05,2.55,-0.51,3.0599999999999996
2019-03-06,2.52,-0.51,3.0300000000000002
2019-03-07,2.47,-0.52,2.99
2019-03-08,2.45,-0.55,3.0
2019-03-11,2.47,-0.54,3.0100000000000002
2019-03-12,2.45,-0.54,2.99
2019-03-13,2.45,-0.55,3.0
2019-03-14,2.46,-0.55,3.01
2019-03-15,2.43,-0.55,2.9800000000000004
2019-03-18,2.45,-0.54,2.99
2019-03-19,2.46,-0.54,3.0
2019-03-20,2.4,-0.53,2.9299999999999997
2019-03-21,2.41,-0.54,2.95
2019-03-22,2.31,-0.56,2.87
2019-03-25,2.26,-0.57,2.8299999999999996
2019-03-26,2.24,-0.57,2.81
2019-03-27,2.22,-0.58,2.8000000000000003
2019-03-28,2.23,-0.59,2.82
2019-03-29,2.27,-0.61,2.88
2019-04-01,2.33,-0.61,2.94
2019-04-02,2.3,-0.61,2.9099999999999997
2019-04-03,2.33,-0.6,2.93
2019-04-04,2.33,-0.59,2.92
2019-04-05,2.35,-0.58,2.93
2019-04-08,2.36,-0.58,2.94
2019-04-09,2.35,-0.58,2.93
2019-04-10,2.31,-0.58,2.89
2019-04-11,2.35,-0.6,2.95
2019-04-12,2.4,-0.58,2.98
2019-04-15,2.4,-0.56,2.96
2019-04-16,2.41,-0.57,2.98
2019-04-17,2.4,-0.57,2.9699999999999998
2019-04-18,2.38,-0.58,2.96
2019-04-23,2.36,-0.58,2.94
2019-04-24,2.32,-0.58,2.9
2019-04-25,2.33,-0.6,2.93
2019-04-26,2.28,-0.6,2.88
2019-04-29,2.3,-0.59,2.8899999999999997
2019-04-30,2.27,-0.58,2.85
2019-05-02,2.35,-0.59,2.94
2019-05-03,2.33,-0.59,2.92
2019-05-06,2.31,-0.6,2.91
2019-05-07,2.28,-0.6,2.88
2019-05-08,2.3,-0.61,2.9099999999999997
2019-05-09,2.26,-0.63,2.8899999999999997
2019-05-10,2.26,-0.62,2.88
2019-05-13,2.18,-0.62,2.8000000000000003
2019-05-14,2.2,-0.63,2.83
2019-05-15,2.16,-0.66,2.8200000000000003
2019-05-16,2.2,-0.66,2.8600000000000003
2019-05-17,2.2,-0.66,2.8600000000000003
2019-05-20,2.21,-0.64,2.85
2019-05-21,2.26,-0.64,2.9
2019-05-22,2.23,-0.63,2.86
2019-05-23,2.12,-0.64,2.7600000000000002
2019-05-24,2.16,-0.64,2.8000000000000003
2019-05-28,2.12,-0.65,2.77
2019-05-29,2.09,-0.65,2.7399999999999998
2019-05-30,2.06,-0.65,2.71
2019-05-31,1.95,-0.68,2.63
2019-06-03,1.82,-0.67,2.49
2019-06-04,1.88,-0.66,2.54
2019-06-05,1.83,-0.66,2.49
2019-06-06,1.88,-0.69,2.57
2019-06-07,1.85,-0.66,2.5100000000000002
2019-06-11,1.93,-0.68,2.61
2019-06-12,1.88,-0.68,2.56
2019-06-13,1.83,-0.69,2.52
2019-06-14,1.84,-0.7,2.54
2019-06-17,1.86,-0.7,2.56
2019-06-18,1.86,-0.75,2.6100000000000003
2019-06-19,1.74,-0.75,2.49
2019-06-20,1.72,-0.75,2.4699999999999998
2019-06-21,1.77,-0.75,2.52
2019-06-24,1.72,-0.75,2.4699999999999998
2019-06-25,1.71,-0.74,2.45
2019-06-26,1.77,-0.74,2.51
2019-06-27,1.74,-0.73,2.4699999999999998
2019-06-28,1.75,-0.74,2.49
2019-07-01,1.78,-0.75,2.5300000000000002
2019-07-02,1.77,-0.77,2.54
2019-07-03,1.77,-0.78,2.55
2019-07-05,1.87,-0.76,2.63
2019-07-08,1.88,-0.75,2.63
2019-07-09,1.92,-0.74,2.66
2019-07-10,1.82,-0.73,2.55
2019-07-11,1.85,-0.74,2.59
2019-07-12,1.84,-0.73,2.5700000000000003
2019-07-15,1.83,-0.74,2.5700000000000003
2019-07-16,1.87,-0.74,2.6100000000000003
2019-07-17,1.83,-0.75,2.58
2019-07-18,1.77,-0.75,2.52
2019-07-19,1.8,-0.77,2.5700000000000003
2019-07-22,1.8,-0.78,2.58
2019-07-23,1.83,-0.78,2.6100000000000003
2019-07-24,1.83,-0.79,2.62
2019-07-25,1.86,-0.79,2.6500000000000004
2019-07-26,1.86,-0.76,2.62
2019-07-29,1.85,-0.77,2.62
2019-07-30,1.85,-0.76,2.6100000000000003
2019-07-31,1.89,-0.77,2.66
2019-08-01,1.73,-0.77,2.5
2019-08-02,1.72,-0.79,2.51
2019-08-05,1.59,-0.8,2.39
2019-08-06,1.6,-0.82,2.42
2019-08-07,1.59,-0.83,2.42
2019-08-08,1.62,-0.84,2.46
2019-08-09,1.63,-0.87,2.5
2019-08-12,1.58,-0.88,2.46
2019-08-13,1.66,-0.88,2.54
2019-08-14,1.58,-0.88,2.46
2019-08-15,1.48,-0.89,2.37
2019-08-16,1.48,-0.91,2.39
2019-08-19,1.53,-0.9,2.43
2019-08-20,1.5,-0.91,2.41
2019-08-21,1.56,-0.9,2.46
2019-08-22,1.61,-0.88,2.49
2019-08-23,1.51,-0.87,2.38
2019-08-26,1.54,-0.89,2.43
2019-08-27,1.53,-0.89,2.42
2019-08-28,1.5,-0.9,2.4
2019-08-29,1.53,-0.89,2.42
2019-08-30,1.5,-0.91,2.41
2019-09-03,1.47,-0.94,2.41
2019-09-04,1.43,-0.9,2.33
2019-09-05,1.55,-0.9,2.45
2019-09-06,1.53,-0.87,2.4
2019-09-09,1.58,-0.86,2.44
2019-09-10,1.67,-0.86,2.53
2019-09-11,1.68,-0.84,2.52
2019-09-12,1.72,-0.84,2.56
2019-09-13,1.79,-0.71,2.5
2019-09-16,1.74,-0.72,2.46
2019-09-17,1.72,-0.72,2.44
2019-09-18,1.77,-0.73,2.5
2019-09-19,1.74,-0.72,2.46
2019-09-20,1.69,-0.73,2.42
2019-09-23,1.68,-0.74,2.42
2019-09-24,1.6,-0.73,2.33
2019-09-25,1.68,-0.75,2.4299999999999997
2019-09-26,1.66,-0.76,2.42
2019-09-27,1.63,-0.76,2.3899999999999997
2019-09-30,1.63,-0.77,2.4
2019-10-01,1.56,-0.77,2.33
2019-10-02,1.48,-0.78,2.26
2019-10-04,1.4,-0.79,2.19
2019-10-07,1.46,-0.79,2.25
2019-10-08,1.42,-0.79,2.21
2019-10-09,1.47,-0.78,2.25
2019-10-10,1.53,-0.75,2.2800000000000002
2019-10-11,1.63,-0.72,2.3499999999999996
2019-10-15,1.61,-0.7,2.31
2019-10-16,1.58,-0.7,2.2800000000000002
2019-10-17,1.6,-0.67,2.27
2019-10-18,1.58,-0.67,2.25
2019-10-21,1.62,-0.66,2.2800000000000002
2019-10-22,1.6,-0.67,2.27
2019-10-23,1.58,-0.67,2.25
2019-10-24,1.58,-0.67,2.25
2019-10-25,1.63,-0.66,2.29
2019-10-28,1.64,-0.65,2.29
2019-10-29,1.64,-0.65,2.29
2019-10-30,1.61,-0.64,2.25
2019-10-31,1.52,-0.66,2.18
2019-11-01,1.56,-0.66,2.22
2019-11-04,1.6,-0.66,2.2600000000000002
2019-11-05,1.63,-0.65,2.28
2019-11-06,1.61,-0.64,2.25
2019-11-07,1.68,-0.63,2.31
2019-11-08,1.68,-0.62,2.3
2019-11-12,1.66,-0.62,2.28
2019-11-13,1.63,-0.62,2.25
2019-11-14,1.58,-0.64,2.22
2019-11-15,1.61,-0.64,2.25
2019-11-18,1.6,-0.63,2.23
2019-11-19,1.6,-0.63,2.23
2019-11-20,1.56,-0.65,2.21
2019-11-21,1.6,-0.64,2.24
2019-11-22,1.61,-0.64,2.25
2019-11-25,1.61,-0.64,2.25
2019-11-26,1.58,-0.64,2.22
2019-11-27,1.63,-0.64,2.27
2019-11-29,1.61,-0.64,2.25
2019-12-02,1.61,-0.61,2.22
2019-12-03,1.53,-0.62,2.15
2019-12-04,1.58,-0.64,2.22
2019-12-05,1.58,-0.62,2.2
2019-12-06,1.61,-0.63,2.24
2019-12-09,1.63,-0.64,2.27
2019-12-10,1.65,-0.64,2.29
2019-12-11,1.61,-0.65,2.2600000000000002
2019-12-12,1.66,-0.65,2.31
2019-12-13,1.61,-0.63,2.24
2019-12-16,1.65,-0.63,2.28
2019-12-17,1.63,-0.64,2.27
2019-12-18,1.63,-0.65,2.28
2019-12-19,1.62,-0.63,2.25
2019-12-20,1.63,-0.64,2.27
2019-12-23,1.64,-0.65,2.29
2019-12-27,1.59,-0.64,2.23
2019-12-30,1.58,-0.62,2.2
2020-01-02,1.58,-0.6,2.18
2020-01-03,1.53,-0.63,2.16
2020-01-06,1.54,-0.63,2.17
2020-01-07,1.54,-0.62,2.16
2020-01-08,1.58,-0.63,2.21
2020-01-09,1.58,-0.61,2.19
2020-01-10,1.56,-0.6,2.16
2020-01-13,1.58,-0.59,2.17
2020-01-14,1.58,-0.59,2.17
2020-01-15,1.56,-0.6,2.16
2020-01-16,1.58,-0.6,2.18
2020-01-17,1.58,-0.6,2.18
2020-01-21,1.53,-0.59,2.12
2020-01-22,1.53,-0.59,2.12
2020-01-23,1.51,-0.59,2.1
2020-01-24,1.49,-0.61,2.1
2020-01-27,1.44,-0.63,2.07
2020-01-28,1.45,-0.64,2.09
2020-01-29,1.42,-0.64,2.06
2020-01-30,1.41,-0.65,2.06
2020-01-31,1.33,-0.66,1.9900000000000002
2020-02-03,1.36,-0.68,2.04
2020-02-04,1.41,-0.66,2.07
2020-02-05,1.44,-0.65,2.09
2020-02-06,1.44,-0.64,2.08
2020-02-07,1.41,-0.64,2.05
2020-02-10,1.37,-0.65,2.02
2020-02-11,1.41,-0.64,2.05
2020-02-12,1.44,-0.64,2.08
2020-02-13,1.44,-0.65,2.09
2020-02-14,1.42,-0.65,2.07
2020-02-18,1.41,-0.65,2.06
2020-02-19,1.42,-0.65,2.07
2020-02-20,1.39,-0.64,2.03
2020-02-21,1.34,-0.64,1.98
2020-02-24,1.26,-0.68,1.94
2020-02-25,1.2,-0.69,1.89
2020-02-26,1.16,-0.71,1.8699999999999999
2020-02-27,1.11,-0.72,1.83
2020-02-28,0.86,-0.78,1.6400000000000001
2020-03-02,0.84,-0.81,1.65
2020-03-03,0.71,-0.79,1.5
2020-03-04,0.67,-0.82,1.49
2020-03-05,0.59,-0.83,1.42
2020-03-06,0.49,-0.9,1.3900000000000001
2020-03-09,0.38,-0.95,1.33
2020-03-10,0.5,-0.93,1.4300000000000002
2020-03-11,0.5,-0.96,1.46
2020-03-12,0.5,-1.02,1.52
2020-03-13,0.49,-0.95,1.44
2020-03-16,0.36,-0.91,1.27
2020-03-17,0.47,-0.88,1.35
2020-03-18,0.54,-0.79,1.33
2020-03-19,0.44,-0.74,1.18
2020-03-20,0.37,-0.65,1.02
2020-03-23,0.28,-0.71,0.99
2020-03-24,0.38,-0.68,1.06
2020-03-25,0.34,-0.62,0.96
2020-03-26,0.3,-0.62,0.9199999999999999
2020-03-27,0.25,-0.7,0.95
2020-03-30,0.23,-0.74,0.97
2020-03-31,0.23,-0.71,0.94
2020-04-01,0.23,-0.7,0.9299999999999999
2020-04-02,0.23,-0.67,0.9
2020-04-03,0.23,-0.67,0.9
2020-04-06,0.27,-0.67,0.9400000000000001
2020-04-07,0.28,-0.66,0.9400000000000001
2020-04-08,0.27,-0.64,0.91
2020-04-09,0.23,-0.63,0.86
2020-04-14,0.23,-0.65,0.88
2020-04-15,0.2,-0.7,0.8999999999999999
2020-04-16,0.2,-0.69,0.8899999999999999
2020-04-17,0.2,-0.7,0.8999999999999999
2020-04-20,0.2,-0.72,0.9199999999999999
2020-04-21,0.2,-0.68,0.8800000000000001
2020-04-22,0.22,-0.69,0.9099999999999999
2020-04-23,0.22,-0.7,0.9199999999999999
2020-04-24,0.22,-0.65,0.87
2020-04-27,0.24,-0.71,0.95
2020-04-28,0.2,-0.68,0.8800000000000001
2020-04-29,0.2,-0.71,0.9099999999999999
2020-04-30,0.2,-0.73,0.9299999999999999
2020-05-04,0.19,-0.78,0.97
2020-05-05,0.19,-0.78,0.97
2020-05-06,0.17,-0.78,0.9500000000000001
2020-05-07,0.13,-0.75,0.88
2020-05-08,0.16,-0.79,0.9500000000000001
2020-05-11,0.17,-0.77,0.9400000000000001
2020-05-12,0.17,-0.74,0.91
2020-05-13,0.16,-0.75,0.91
2020-05-14,0.16,-0.76,0.92
2020-05-15,0.16,-0.76,0.92
2020-05-18,0.18,-0.77,0.95
2020-05-19,0.17,-0.7,0.87
2020-05-20,0.16,-0.68,0.8400000000000001
2020-05-21,0.17,-0.69,0.86
2020-05-22,0.17,-0.7,0.87
2020-05-26,0.18,-0.65,0.8300000000000001
2020-05-27,0.19,-0.67,0.8600000000000001
2020-05-28,0.17,-0.65,0.8200000000000001
2020-05-29,0.16,-0.64,0.8
2020-06-02,0.17,-0.67,0.8400000000000001
2020-06-03,0.19,-0.65,0.8400000000000001
2020-06-04,0.19,-0.64,0.8300000000000001
2020-06-05,0.22,-0.62,0.84
2020-06-08,0.22,-0.61,0.83
2020-06-09,0.2,-0.63,0.8300000000000001
2020-06-10,0.17,-0.62,0.79
2020-06-11,0.19,-0.65,0.8400000000000001
2020-06-12,0.19,-0.66,0.8500000000000001
2020-06-15,0.19,-0.68,0.8700000000000001
2020-06-16,0.21,-0.66,0.87
2020-06-17,0.19,-0.66,0.8500000000000001
2020-06-18,0.19,-0.66,0.8500000000000001
2020-06-19,0.19,-0.67,0.8600000000000001
2020-06-22,0.19,-0.69,0.8799999999999999
2020-06-23,0.18,-0.68,0.8600000000000001
2020-06-24,0.19,-0.67,0.8600000000000001
2020-06-25,0.17,-0.69,0.86
2020-06-26,0.17,-0.71,0.88
2020-06-29,0.16,-0.71,0.87
2020-06-30,0.16,-0.7,0.86
2020-07-01,0.17,-0.7,0.87
2020-07-02,0.16,-0.67,0.8300000000000001
2020-07-06,0.16,-0.7,0.86
2020-07-07,0.16,-0.69,0.85
2020-07-08,0.16,-0.69,0.85
2020-07-09,0.16,-0.68,0.8400000000000001
2020-07-10,0.16,-0.7,0.86
2020-07-13,0.16,-0.69,0.85
2020-07-14,0.14,-0.66,0.8
2020-07-15,0.16,-0.67,0.8300000000000001
2020-07-16,0.16,-0.67,0.8300000000000001
2020-07-17,0.14,-0.69,0.83
2020-07-20,0.16,-0.67,0.8300000000000001
2020-07-21,0.14,-0.67,0.81
2020-07-22,0.14,-0.69,0.83
2020-07-23,0.16,-0.69,0.85
2020-07-24,0.14,-0.67,0.81
2020-07-27,0.15,-0.66,0.81
2020-07-28,0.14,-0.68,0.8200000000000001
2020-07-29,0.12,-0.7,0.82
2020-07-30,0.11,-0.71,0.82
2020-07-31,0.11,-0.72,0.83
2020-08-03,0.11,-0.71,0.82
2020-08-04,0.11,-0.72,0.83
2020-08-05,0.11,-0.71,0.82
2020-08-06,0.11,-0.7,0.8099999999999999
2020-08-07,0.13,-0.7,0.83
2020-08-10,0.14,-0.69,0.83
2020-08-11,0.16,-0.7,0.86
2020-08-12,0.16,-0.68,0.8400000000000001
2020-08-13,0.16,-0.67,0.8300000000000001
2020-08-14,0.14,-0.65,0.79
2020-08-17,0.14,-0.66,0.8
2020-08-18,0.14,-0.67,0.81
2020-08-19,0.14,-0.67,0.81
2020-08-20,0.13,-0.68,0.81
2020-08-21,0.16,-0.69,0.85
2020-08-24,0.14,-0.68,0.8200000000000001
2020-08-25,0.15,-0.67,0.8200000000000001
2020-08-26,0.16,-0.65,0.81
2020-08-27,0.16,-0.67,0.8300000000000001
2020-08-28,0.14,-0.66,0.8
2020-08-31,0.14,-0.66,0.8
2020-09-01,0.13,-0.66,0.79
2020-09-02,0.14,-0.69,0.83
2020-09-03,0.13,-0.7,0.83
2020-09-04,0.14,-0.71,0.85
2020-09-08,0.14,-0.68,0.8200000000000001
2020-09-09,0.14,-0.72,0.86
2020-09-10,0.14,-0.69,0.83
2020-09-11,0.13,-0.67,0.8
2020-09-14,0.14,-0.7,0.84
2020-09-15,0.14,-0.7,0.84
2020-09-16,0.14,-0.7,0.84
2020-09-17,0.13,-0.69,0.82
2020-09-18,0.14,-0.71,0.85
2020-09-21,0.14,-0.71,0.85
2020-09-22,0.13,-0.73,0.86
2020-09-23,0.14,-0.72,0.86
2020-09-24,0.14,-0.72,0.86
2020-09-25,0.12,-0.71,0.83
2020-09-28,0.14,-0.71,0.85
2020-09-29,0.11,-0.72,0.83
2020-09-30,0.13,-0.72,0.85
2020-10-01,0.14,-0.7,0.84
2020-10-02,0.13,-0.72,0.85
2020-10-05,0.14,-0.72,0.86
2020-10-06,0.14,-0.71,0.85
2020-10-07,0.16,-0.7,0.86
2020-10-08,0.13,-0.71,0.84
2020-10-09,0.16,-0.72,0.88
2020-10-13,0.16,-0.74,0.9
2020-10-14,0.14,-0.75,0.89
2020-10-15,0.14,-0.77,0.91
2020-10-16,0.14,-0.78,0.92
2020-10-19,0.16,-0.78,0.9400000000000001
2020-10-20,0.14,-0.79,0.93
2020-10-21,0.14,-0.78,0.92
2020-10-22,0.16,-0.78,0.9400000000000001
2020-10-23,0.18,-0.77,0.95
2020-10-26,0.16,-0.77,0.93
2020-10-27,0.16,-0.77,0.93
2020-10-28,0.16,-0.79,0.9500000000000001
2020-10-29,0.16,-0.8,0.9600000000000001
2020-10-30,0.14,-0.8,0.9400000000000001
2020-11-02,0.16,-0.8,0.9600000000000001
2020-11-03,0.17,-0.81,0.9800000000000001
2020-11-04,0.14,-0.81,0.9500000000000001
2020-11-05,0.14,-0.8,0.9400000000000001
2020-11-06,0.16,-0.79,0.9500000000000001
2020-11-09,0.17,-0.8,0.9700000000000001
2020-11-10,0.19,-0.73,0.9199999999999999
2020-11-12,0.17,-0.72,0.89
2020-11-13,0.17,-0.73,0.9
2020-11-16,0.19,-0.74,0.9299999999999999
2020-11-17,0.18,-0.73,0.9099999999999999
2020-11-18,0.16,-0.74,0.9
2020-11-19,0.18,-0.74,0.9199999999999999
2020-11-20,0.16,-0.75,0.91
2020-11-23,0.16,-0.76,0.92
2020-11-24,0.16,-0.76,0.92
2020-11-25,0.17,-0.76,0.93
2020-11-27,0.16,-0.77,0.93
2020-11-30,0.16,-0.76,0.92
2020-12-01,0.17,-0.74,0.91
2020-12-02,0.16,-0.72,0.88
2020-12-03,0.16,-0.73,0.89
2020-12-04,0.16,-0.74,0.9
2020-12-07,0.14,-0.76,0.9
2020-12-08,0.14,-0.77,0.91
2020-12-09,0.16,-0.78,0.9400000000000001
2020-12-10,0.14,-0.79,0.93
2020-12-11,0.11,-0.79,0.9
2020-12-14,0.13,-0.78,0.91
2020-12-15,0.11,-0.77,0.88
2020-12-16,0.13,-0.76,0.89
2020-12-17,0.13,-0.74,0.87
2020-12-18,0.13,-0.73,0.86
2020-12-21,0.13,-0.75,0.88
2020-12-22,0.13,-0.75,0.88
2020-12-23,0.13,-0.75,0.88
2020-12-28,0.13,-0.71,0.84
2020-12-29,0.12,-0.72,0.84
2020-12-30,0.12,-0.71,0.83
2021-01-04,0.11,-0.73,0.84
2021-01-05,0.13,-0.73,0.86
2021-01-06,0.14,-0.71,0.85
2021-01-07,0.14,-0.71,0.85
2021-01-08,0.14,-0.71,0.85
2021-01-11,0.14,-0.71,0.85
2021-01-12,0.14,-0.7,0.84
2021-01-13,0.14,-0.7,0.84
2021-01-14,0.16,-0.72,0.88
2021-01-15,0.13,-0.73,0.86
2021-01-19,0.14,-0.71,0.85
2021-01-20,0.13,-0.71,0.84
2021-01-21,0.13,-0.71,0.84
2021-01-22,0.13,-0.71,0.84
2021-01-25,0.13,-0.73,0.86
2021-01-26,0.11,-0.73,0.84
2021-01-27,0.12,-0.73,0.85
2021-01-28,0.12,-0.75,0.87
2021-01-29,0.11,-0.74,0.85
2021-02-01,0.11,-0.73,0.84
2021-02-02,0.11,-0.73,0.84
2021-02-03,0.11,-0.72,0.83
2021-02-04,0.11,-0.72,0.83
2021-02-05,0.09,-0.72,0.8099999999999999
2021-02-08,0.11,-0.72,0.83
2021-02-09,0.11,-0.72,0.83
2021-02-10,0.11,-0.72,0.83
2021-02-11,0.11,-0.73,0.84
2021-02-12,0.11,-0.72,0.83
2021-02-16,0.13,-0.7,0.83
2021-02-17,0.11,-0.7,0.8099999999999999
2021-02-18,0.11,-0.7,0.8099999999999999
2021-02-19,0.11,-0.69,0.7999999999999999
2021-02-22,0.11,-0.69,0.7999999999999999
2021-02-23,0.11,-0.69,0.7999999999999999
2021-02-24,0.12,-0.69,0.8099999999999999
2021-02-25,0.17,-0.68,0.8500000000000001
2021-02-26,0.14,-0.66,0.8
2021-03-01,0.13,-0.68,0.81
2021-03-02,0.13,-0.69,0.82
2021-03-03,0.14,-0.7,0.84
2021-03-04,0.14,-0.69,0.83
2021-03-05,0.14,-0.69,0.83
2021-03-08,0.17,-0.69,0.86
2021-03-09,0.17,-0.67,0.8400000000000001
2021-03-10,0.16,-0.69,0.85
2021-03-11,0.14,-0.68,0.8200000000000001
2021-03-12,0.14,-0.7,0.84
2021-03-15,0.14,-0.7,0.84
2021-03-16,0.15,-0.7,0.85
2021-03-17,0.13,-0.69,0.82
2021-03-18,0.16,-0.68,0.8400000000000001
2021-03-19,0.16,-0.7,0.86
2021-03-22,0.15,-0.71,0.86
2021-03-23,0.15,-0.71,0.86
2021-03-24,0.14,-0.72,0.86
2021-03-25,0.14,-0.72,0.86
2021-03-26,0.14,-0.72,0.86
2021-03-29,0.14,-0.72,0.86
2021-03-30,0.16,-0.7,0.86
2021-03-31,0.16,-0.69,0.85
2021-04-01,0.17,-0.7,0.87
2021-04-06,0.16,-0.7,0.86
2021-04-07,0.16,-0.71,0.87
2021-04-08,0.14,-0.72,0.86
2021-04-09,0.16,-0.71,0.87
2021-04-12,0.18,-0.71,0.8899999999999999
2021-04-13,0.16,-0.71,0.87
2021-04-14,0.16,-0.71,0.87
2021-04-15,0.16,-0.69,0.85
2021-04-16,0.16,-0.7,0.86
2021-04-19,0.16,-0.7,0.86
2021-04-20,0.15,-0.68,0.8300000000000001
2021-04-21,0.15,-0.7,0.85
2021-04-22,0.16,-0.7,0.86
2021-04-23,0.16,-0.7,0.86
2021-04-26,0.18,-0.7,0.8799999999999999
2021-04-27,0.17,-0.7,0.87
2021-04-28,0.17,-0.68,0.8500000000000001
2021-04-29,0.16,-0.69,0.85
2021-04-30,0.16,-0.69,0.85
2021-05-03,0.16,-0.68,0.8400000000000001
2021-05-04,0.16,-0.69,0.85
2021-05-05,0.16,-0.7,0.86
2021-05-06,0.16,-0.7,0.86
2021-05-07,0.14,-0.69,0.83
2021-05-10,0.16,-0.69,0.85
2021-05-11,0.16,-0.68,0.8400000000000001
2021-05-12,0.16,-0.67,0.8300000000000001
2021-05-13,0.16,-0.66,0.8200000000000001
2021-05-14,0.16,-0.66,0.8200000000000001
2021-05-17,0.16,-0.66,0.8200000000000001
2021-05-18,0.16,-0.66,0.8200000000000001
2021-05-19,0.16,-0.65,0.81
2021-05-20,0.15,-0.65,0.8
2021-05-21,0.17,-0.66,0.8300000000000001
2021-05-25,0.15,-0.66,0.81
2021-05-26,0.14,-0.67,0.81
2021-05-27,0.14,-0.67,0.81
2021-05-28,0.14,-0.66,0.8
2021-06-01,0.16,-0.67,0.8300000000000001
2021-06-02,0.13,-0.67,0.8
2021-06-03,0.16,-0.67,0.8300000000000001
2021-06-04,0.14,-0.67,0.81
2021-06-07,0.16,-0.67,0.8300000000000001
2021-06-08,0.14,-0.67,0.81
2021-06-09,0.16,-0.68,0.8400000000000001
2021-06-10,0.14,-0.68,0.8200000000000001
2021-06-11,0.16,-0.7,0.86
2021-06-14,0.16,-0.69,0.85
2021-06-15,0.16,-0.68,0.8400000000000001
2021-06-16,0.21,-0.68,0.89
2021-06-17,0.23,-0.67,0.9
2021-06-18,0.26,-0.68,0.9400000000000001
2021-06-21,0.27,-0.67,0.9400000000000001
2021-06-22,0.25,-0.66,0.91
2021-06-23,0.26,-0.66,0.92
2021-06-24,0.26,-0.66,0.92
2021-06-25,0.28,-0.66,0.9400000000000001
2021-06-28,0.25,-0.65,0.9
2021-06-29,0.27,-0.66,0.93
2021-06-30,0.25,-0.66,0.91
2021-07-01,0.25,-0.67,0.92
2021-07-02,0.24,-0.67,0.91
2021-07-06,0.22,-0.67,0.89
2021-07-07,0.22,-0.68,0.9
2021-07-08,0.19,-0.69,0.8799999999999999
2021-07-09,0.23,-0.69,0.9199999999999999
2021-07-12,0.23,-0.68,0.91
2021-07-13,0.26,-0.68,0.9400000000000001
2021-07-14,0.23,-0.67,0.9
2021-07-15,0.23,-0.68,0.91
2021-07-16,0.25,-0.69,0.94
2021-07-19,0.21,-0.69,0.8999999999999999
2021-07-20,0.2,-0.71,0.9099999999999999
2021-07-21,0.22,-0.72,0.94
2021-07-22,0.2,-0.72,0.9199999999999999
2021-07-23,0.22,-0.72,0.94
2021-07-26,0.22,-0.74,0.96
2021-07-27,0.2,-0.75,0.95
2021-07-28,0.2,-0.75,0.95
2021-07-29,0.2,-0.76,0.96
2021-07-30,0.19,-0.76,0.95
2021-08-02,0.17,-0.76,0.93
2021-08-03,0.17,-0.77,0.9400000000000001
2021-08-04,0.17,-0.78,0.9500000000000001
2021-08-05,0.21,-0.79,1.0
2021-08-06,0.21,-0.78,0.99
2021-08-09,0.23,-0.77,1.0
2021-08-10,0.24,-0.76,1.0
2021-08-11,0.23,-0.75,0.98
2021-08-12,0.23,-0.75,0.98
2021-08-13,0.23,-0.75,0.98
2021-08-16,0.21,-0.75,0.96
2021-08-17,0.23,-0.75,0.98
2021-08-18,0.23,-0.75,0.98
2021-08-19,0.22,-0.75,0.97
2021-08-20,0.23,-0.75,0.98
2021-08-23,0.23,-0.74,0.97
2021-08-24,0.24,-0.76,1.0
2021-08-25,0.23,-0.75,0.98
2021-08-26,0.25,-0.74,0.99
2021-08-27,0.22,-0.74,0.96
2021-08-30,0.2,-0.74,0.94
2021-08-31,0.2,-0.74,0.94
2021-09-01,0.2,-0.72,0.9199999999999999
2021-09-02,0.2,-0.73,0.9299999999999999
2021-09-03,0.21,-0.73,0.94
2021-09-07,0.22,-0.7,0.9199999999999999
2021-09-08,0.22,-0.71,0.9299999999999999
2021-09-09,0.23,-0.7,0.9299999999999999
2021-09-10,0.23,-0.71,0.94
2021-09-13,0.21,-0.71,0.9199999999999999
2021-09-14,0.21,-0.71,0.9199999999999999
2021-09-15,0.21,-0.71,0.9199999999999999
2021-09-16,0.23,-0.7,0.9299999999999999
2021-09-17,0.23,-0.7,0.9299999999999999
2021-09-20,0.23,-0.72,0.95
2021-09-21,0.22,-0.72,0.94
2021-09-22,0.25,-0.71,0.96
2021-09-23,0.27,-0.71,0.98
2021-09-24,0.29,-0.69,0.98
2021-09-27,0.31,-0.69,1.0
2021-09-28,0.31,-0.69,1.0
2021-09-29,0.3,-0.7,1.0
2021-09-30,0.28,-0.7,0.98
2021-10-01,0.27,-0.7,0.97
2021-10-04,0.27,-0.71,0.98
2021-10-05,0.28,-0.71,0.99
2021-10-06,0.3,-0.69,0.99
2021-10-07,0.32,-0.71,1.03
2021-10-08,0.32,-0.7,1.02
2021-10-12,0.35,-0.69,1.04
2021-10-13,0.37,-0.68,1.05
2021-10-14,0.36,-0.67,1.03
2021-10-15,0.41,-0.69,1.0999999999999999
2021-10-18,0.44,-0.64,1.08
2021-10-19,0.41,-0.65,1.06
2021-10-20,0.4,-0.65,1.05
2021-10-21,0.45,-0.66,1.11
2021-10-22,0.48,-0.64,1.12
2021-10-25,0.47,-0.66,1.13
2021-10-26,0.47,-0.67,1.1400000000000001
2021-10-27,0.5,-0.67,1.17
2021-10-28,0.5,-0.63,1.13
2021-10-29,0.48,-0.62,1.1
2021-11-01,0.5,-0.6,1.1
2021-11-02,0.46,-0.66,1.12
2021-11-03,0.47,-0.69,1.16
2021-11-04,0.41,-0.69,1.0999999999999999
2021-11-05,0.39,-0.72,1.1099999999999999
2021-11-08,0.45,-0.73,1.18
2021-11-09,0.41,-0.71,1.1199999999999999
2021-11-10,0.51,-0.73,1.24
2021-11-12,0.53,-0.73,1.26
2021-11-15,0.53,-0.75,1.28
2021-11-16,0.54,-0.71,1.25
2021-11-17,0.52,-0.74,1.26
2021-11-18,0.52,-0.74,1.26
2021-11-19,0.52,-0.78,1.3
2021-11-22,0.63,-0.78,1.4100000000000001
2021-11-23,0.6,-0.74,1.3399999999999999
2021-11-24,0.64,-0.76,1.4
2021-11-26,0.5,-0.77,1.27
2021-11-29,0.51,-0.76,1.27
2021-11-30,0.52,-0.77,1.29
2021-12-01,0.56,-0.74,1.3
2021-12-02,0.63,-0.73,1.3599999999999999
2021-12-03,0.6,-0.74,1.3399999999999999
2021-12-06,0.65,-0.73,1.38
2021-12-07,0.7,-0.71,1.41
2021-12-08,0.68,-0.71,1.3900000000000001
2021-12-09,0.7,-0.69,1.39
2021-12-10,0.67,-0.7,1.37
2021-12-13,0.66,-0.7,1.3599999999999999
2021-12-14,0.67,-0.7,1.37
2021-12-15,0.69,-0.7,1.39
2021-12-16,0.64,-0.69,1.33
2021-12-17,0.66,-0.7,1.3599999999999999
2021-12-20,0.65,-0.74,1.3900000000000001
2021-12-21,0.7,-0.73,1.43
2021-12-22,0.68,-0.7,1.38
2021-12-23,0.71,-0.69,1.4
2021-12-27,0.76,-0.66,1.42
2021-12-28,0.74,-0.65,1.3900000000000001
2021-12-29,0.75,-0.65,1.4
2021-12-30,0.73,-0.64,1.37
2022-01-03,0.78,-0.61,1.3900000000000001
2022-01-04,0.77,-0.62,1.3900000000000001
2022-01-05,0.83,-0.63,1.46
2022-01-06,0.88,-0.61,1.49
2022-01-07,0.87,-0.61,1.48
2022-01-10,0.92,-0.59,1.51
2022-01-11,0.9,-0.59,1.49
2022-01-12,0.92,-0.59,1.51
2022-01-13,0.91,-0.59,1.5
2022-01-14,0.99,-0.6,1.5899999999999999
2022-01-18,1.06,-0.57,1.63
2022-01-19,1.04,-0.57,1.6099999999999999
2022-01-20,1.08,-0.58,1.6600000000000001
2022-01-21,1.01,-0.61,1.62
2022-01-24,0.99,-0.64,1.63
2022-01-25,1.02,-0.65,1.67
2022-01-26,1.13,-0.65,1.7799999999999998
2022-01-27,1.18,-0.62,1.7999999999999998
2022-01-28,1.15,-0.61,1.7599999999999998
2022-01-31,1.18,-0.57,1.75
2022-02-01,1.18,-0.5,1.68
2022-02-02,1.16,-0.48,1.64
2022-02-03,1.19,-0.48,1.67
2022-02-04,1.31,-0.3,1.61
2022-02-07,1.3,-0.24,1.54
2022-02-08,1.35,-0.32,1.6700000000000002
2022-02-09,1.36,-0.34,1.7000000000000002
2022-02-10,1.61,-0.35,1.96
2022-02-11,1.5,-0.35,1.85
2022-02-14,1.58,-0.4,1.98
2022-02-15,1.58,-0.37,1.9500000000000002
2022-02-16,1.52,-0.36,1.88
2022-02-17,1.49,-0.39,1.88
2022-02-18,1.47,-0.45,1.92
2022-02-22,1.56,-0.46,2.02
2022-02-23,1.58,-0.38,1.96
2022-02-24,1.54,-0.44,1.98
2022-02-25,1.55,-0.44,1.99
2022-02-28,1.44,-0.45,1.89
2022-03-01,1.31,-0.61,1.92
2022-03-02,1.5,-0.72,2.2199999999999998
2022-03-03,1.53,-0.59,2.12
2022-03-04,1.5,-0.7,2.2
2022-03-07,1.55,-0.78,2.33
2022-03-08,1.63,-0.63,2.26
2022-03-09,1.68,-0.57,2.25
2022-03-10,1.72,-0.53,2.25
2022-03-11,1.75,-0.42,2.17
2022-03-14,1.87,-0.35,2.22
2022-03-15,1.85,-0.38,2.23
2022-03-16,1.95,-0.38,2.33
2022-03-17,1.94,-0.33,2.27
2022-03-18,1.97,-0.38,2.35
2022-03-21,2.14,-0.34,2.48
2022-03-22,2.18,-0.26,2.4400000000000004
2022-03-23,2.13,-0.27,2.4
2022-03-24,2.13,-0.21,2.34
2022-03-25,2.3,-0.21,2.51
2022-03-28,2.35,-0.1,2.45
2022-03-29,2.35,-0.07,2.42
2022-03-30,2.31,-0.0,2.31
2022-03-31,2.28,-0.04,2.32
2022-04-01,2.44,-0.06,2.5
2022-04-04,2.43,-0.11,2.54
2022-04-05,2.51,-0.08,2.59
2022-04-06,2.5,-0.02,2.52
2022-04-07,2.47,-0.09,2.56
2022-04-08,2.53,-0.01,2.5399999999999996
2022-04-11,2.5,0.1,2.4
2022-04-12,2.39,0.15,2.24
2022-04-13,2.37,0.1,2.27
2022-04-14,2.47,0.08,2.39
2022-04-19,2.61,0.07,2.54
2022-04-20,2.6,0.03,2.5700000000000003
2022-04-21,2.68,0.16,2.52
2022-04-22,2.72,0.26,2.46
2022-04-25,2.63,0.24,2.3899999999999997
2022-04-26,2.54,0.14,2.4
2022-04-27,2.58,0.13,2.45
2022-04-28,2.63,0.12,2.51
2022-04-29,2.7,0.23,2.47
2022-05-02,2.73,0.22,2.51
2022-05-03,2.78,0.27,2.51
2022-05-04,2.66,0.28,2.38
2022-05-05,2.71,0.25,2.46
2022-05-06,2.72,0.33,2.39
2022-05-09,2.61,0.27,2.34
2022-05-10,2.62,0.2,2.42
2022-05-11,2.66,0.11,2.5500000000000003
2022-05-12,2.56,0.08,2.48
2022-05-13,2.61,0.06,2.55
2022-05-16,2.58,0.15,2.43
2022-05-17,2.71,0.29,2.42
2022-05-18,2.68,0.41,2.27
2022-05-19,2.63,0.36,2.27
2022-05-20,2.6,0.39,2.21
2022-05-23,2.65,0.37,2.28
2022-05-24,2.5,0.38,2.12
2022-05-25,2.48,0.34,2.14
2022-05-26,2.46,0.29,2.17
2022-05-27,2.47,0.35,2.12
2022-05-31,2.53,0.45,2.0799999999999996
2022-06-01,2.66,0.51,2.1500000000000004
2022-06-02,2.65,0.57,2.08
2022-06-03,2.66,0.61,2.0500000000000003
2022-06-07,2.75,0.65,2.1
2022-06-08,2.78,0.67,2.11
2022-06-09,2.83,0.68,2.15
2022-06-10,3.06,0.83,2.23
2022-06-13,3.4,1.06,2.34
2022-06-14,3.45,1.16,2.29
2022-06-15,3.2,1.16,2.04
2022-06-16,3.14,1.21,1.9300000000000002
2022-06-17,3.17,1.11,2.0599999999999996
2022-06-21,3.21,1.11,2.0999999999999996
2022-06-22,3.06,1.06,2.0
2022-06-23,3.01,0.82,2.19
2022-06-24,3.04,0.81,2.23
2022-06-27,3.08,0.81,2.27
2022-06-28,3.1,0.93,2.17
2022-06-29,3.06,0.89,2.17
2022-06-30,2.92,0.7,2.2199999999999998
2022-07-01,2.84,0.65,2.19
2022-07-05,2.82,0.5,2.32
2022-07-06,2.97,0.38,2.5900000000000003
2022-07-07,3.03,0.48,2.55
2022-07-08,3.12,0.46,2.66
2022-07-11,3.07,0.47,2.5999999999999996
2022-07-12,3.03,0.32,2.71
2022-07-13,3.13,0.38,2.75
2022-07-14,3.15,0.6,2.55
2022-07-15,3.13,0.4,2.73
2022-07-18,3.15,0.49,2.66
2022-07-19,3.23,0.59,2.64
2022-07-20,3.25,0.59,2.66
2022-07-21,3.1,0.63,2.47
2022-07-22,2.98,0.43,2.55
2022-07-25,3.0,0.46,2.54
2022-07-26,3.02,0.37,2.65
2022-07-27,2.96,0.35,2.61
2022-07-28,2.85,0.41,2.44
2022-07-29,2.89,0.3,2.5900000000000003
2022-08-01,2.9,0.3,2.6
2022-08-02,3.06,0.18,2.88
2022-08-03,3.1,0.36,2.74
2022-08-04,3.03,0.41,2.6199999999999997
2022-08-05,3.24,0.35,2.89
2022-08-08,3.21,0.4,2.81
2022-08-09,3.28,0.58,2.6999999999999997
2022-08-10,3.23,0.55,2.6799999999999997
2022-08-11,3.23,0.56,2.67
2022-08-12,3.25,0.55,2.7
2022-08-15,3.2,0.56,2.64
2022-08-16,3.25,0.54,2.71
2022-08-17,3.28,0.68,2.5999999999999996
2022-08-18,3.22,0.75,2.47
2022-08-19,3.25,0.79,2.46
2022-08-22,3.32,0.8,2.5199999999999996
2022-08-23,3.29,0.88,2.41
2022-08-24,3.36,0.84,2.52
2022-08-25,3.35,0.86,2.49
2022-08-26,3.37,0.9,2.47
2022-08-29,3.42,1.1,2.32
2022-08-30,3.46,1.06,2.4
2022-08-31,3.45,1.17,2.2800000000000002
2022-09-01,3.51,1.23,2.28
2022-09-02,3.4,1.16,2.24
2022-09-06,3.5,1.06,2.44
2022-09-07,3.45,1.02,2.43
2022-09-08,3.48,1.12,2.36
2022-09-09,3.56,1.35,2.21
2022-09-12,3.58,1.34,2.24
2022-09-13,3.75,1.31,2.44
2022-09-14,3.78,1.37,2.4099999999999997
2022-09-15,3.87,1.45,2.42
2022-09-16,3.85,1.56,2.29
2022-09-19,3.95,1.55,2.4000000000000004
2022-09-20,3.96,1.68,2.2800000000000002
2022-09-21,4.02,1.66,2.3599999999999994
2022-09-22,4.11,1.81,2.3000000000000003
2022-09-23,4.2,1.85,2.35
2022-09-26,4.27,1.96,2.3099999999999996
2022-09-27,4.3,1.89,2.41
2022-09-28,4.07,1.95,2.12
2022-09-29,4.16,1.92,2.24
2022-09-30,4.22,1.75,2.4699999999999998
2022-10-03,4.12,1.76,2.3600000000000003
2022-10-04,4.1,1.47,2.63
2022-10-05,4.15,1.6,2.5500000000000003
2022-10-06,4.23,1.7,2.5300000000000002
2022-10-07,4.3,1.8,2.5
2022-10-11,4.3,1.88,2.42
2022-10-12,4.28,1.82,2.46
2022-10-13,4.47,1.83,2.6399999999999997
2022-10-14,4.48,1.84,2.6400000000000006
2022-10-17,4.45,1.88,2.5700000000000003
2022-10-18,4.43,1.99,2.4399999999999995
2022-10-19,4.55,2.06,2.4899999999999998
2022-10-20,4.62,2.15,2.47
2022-10-21,4.49,2.18,2.31
2022-10-24,4.5,2.02,2.48
2022-10-25,4.42,1.98,2.44
2022-10-26,4.39,1.97,2.42
2022-10-27,4.3,2.0,2.3
2022-10-28,4.41,1.93,2.4800000000000004
2022-10-31,4.51,1.94,2.57
2022-11-01,4.54,1.88,2.66
2022-11-02,4.61,1.97,2.6400000000000006
2022-11-03,4.71,2.04,2.67
2022-11-04,4.66,2.09,2.5700000000000003
2022-11-07,4.72,2.11,2.61
2022-11-08,4.67,2.3,2.37
2022-11-09,4.61,2.22,2.39
2022-11-10,4.34,2.2,2.1399999999999997
2022-11-14,4.4,2.15,2.2500000000000004
2022-11-15,4.37,2.16,2.21
2022-11-16,4.35,2.17,2.1799999999999997
2022-11-17,4.43,2.07,2.36
2022-11-18,4.51,2.15,2.36
2022-11-21,4.48,2.1,2.3800000000000003
2022-11-22,4.47,2.11,2.36
2022-11-23,4.46,2.14,2.32
2022-11-25,4.42,2.13,2.29
2022-11-28,4.46,2.18,2.28
2022-11-29,4.48,2.07,2.4100000000000006
2022-11-30,4.38,2.15,2.23
2022-12-01,4.25,2.04,2.21
2022-12-02,4.28,1.96,2.3200000000000003
2022-12-05,4.41,2.08,2.33
2022-12-06,4.34,2.1,2.2399999999999998
2022-12-07,4.26,2.0,2.26
2022-12-08,4.31,1.99,2.3199999999999994
2022-12-09,4.33,2.08,2.25
2022-12-12,4.39,2.15,2.2399999999999998
2022-12-13,4.22,2.18,2.0399999999999996
2022-12-14,4.23,2.14,2.0900000000000003
2022-12-15,4.23,2.13,2.1000000000000005
2022-12-16,4.17,2.47,1.6999999999999997
2022-12-19,4.25,2.41,1.8399999999999999
2022-12-20,4.25,2.48,1.77
2022-12-21,4.21,2.5,1.71
2022-12-22,4.24,2.52,1.7200000000000002
2022-12-23,4.31,2.59,1.7199999999999998
2022-12-27,4.32,2.68,1.6400000000000001
2022-12-28,4.31,2.64,1.6699999999999995
2022-12-29,4.34,2.65,1.69
2022-12-30,4.41,2.71,1.7000000000000002
2023-01-03,4.4,2.64,1.7600000000000002
2023-01-04,4.36,2.58,1.7800000000000002
2023-01-05,4.45,2.62,1.83
2023-01-06,4.24,2.66,1.58
2023-01-09,4.19,2.63,1.5600000000000005
2023-01-10,4.24,2.64,1.6
2023-01-11,4.2,2.62,1.58
2023-01-12,4.12,2.6,1.52
2023-01-13,4.22,2.52,1.6999999999999997
2023-01-17,4.18,2.58,1.5999999999999996
2023-01-18,4.06,2.49,1.5699999999999994
2023-01-19,4.09,2.49,1.5999999999999996
2023-01-20,4.14,2.55,1.5899999999999999
2023-01-23,4.21,2.58,1.63
2023-01-24,4.12,2.56,1.56
2023-01-25,4.11,2.5,1.6100000000000003
2023-01-26,4.17,2.53,1.6400000000000001
2023-01-27,4.19,2.6,1.5900000000000003
2023-01-30,4.25,2.63,1.62
2023-01-31,4.21,2.65,1.56
2023-02-01,4.09,2.62,1.4699999999999998
2023-02-02,4.09,2.65,1.44
2023-02-03,4.3,2.52,1.7799999999999998
2023-02-06,4.44,2.59,1.8500000000000005
2023-02-07,4.47,2.6,1.8699999999999997
2023-02-08,4.45,2.69,1.7600000000000002
2023-02-09,4.48,2.66,1.8200000000000003
2023-02-10,4.5,2.73,1.77
2023-02-13,4.52,2.75,1.7699999999999996
2023-02-14,4.6,2.78,1.8199999999999998
2023-02-15,4.62,2.84,1.7800000000000002
2023-02-16,4.62,2.85,1.77
2023-02-17,4.6,2.93,1.6699999999999995
2023-02-21,4.67,2.92,1.75
2023-02-22,4.66,2.95,1.71
2023-02-23,4.66,2.9,1.7600000000000002
2023-02-24,4.78,2.91,1.87
2023-02-27,4.78,3.04,1.7400000000000002
2023-02-28,4.81,3.14,1.6699999999999995
2023-03-01,4.89,3.2,1.6899999999999995
2023-03-02,4.89,3.22,1.6699999999999995
2023-03-03,4.86,3.17,1.6900000000000004
2023-03-06,4.89,3.19,1.6999999999999997
2023-03-07,5.0,3.25,1.75
2023-03-08,5.05,3.32,1.73
2023-03-09,4.9,3.34,1.5600000000000005
2023-03-10,4.6,3.14,1.4599999999999995
2023-03-13,4.03,2.71,1.3200000000000003
2023-03-14,4.2,2.75,1.4500000000000002
2023-03-15,3.93,2.7,1.23
2023-03-16,4.14,2.58,1.5599999999999996
2023-03-17,3.81,2.6,1.21
2023-03-20,3.92,2.24,1.6799999999999997
2023-03-21,4.17,2.51,1.6600000000000001
2023-03-22,3.96,2.65,1.31
2023-03-23,3.76,2.61,1.15
2023-03-24,3.76,2.26,1.5
2023-03-27,3.94,2.48,1.46
2023-03-28,4.02,2.61,1.4099999999999997
2023-03-29,4.08,2.59,1.4900000000000002
2023-03-30,4.1,2.65,1.4499999999999997
2023-03-31,4.06,2.74,1.3199999999999994
2023-04-03,3.97,2.75,1.2200000000000002
2023-04-04,3.84,2.7,1.1399999999999997
2023-04-05,3.79,2.65,1.1400000000000001
2023-04-06,3.82,2.47,1.3499999999999996
2023-04-11,4.03,2.64,1.3900000000000001
2023-04-12,3.95,2.74,1.21
2023-04-13,3.96,2.79,1.17
2023-04-14,4.08,2.8,1.2800000000000002
2023-04-17,4.18,2.87,1.3099999999999996
2023-04-18,4.19,2.88,1.3100000000000005
2023-04-19,4.24,2.94,1.3000000000000003
2023-04-20,4.14,2.95,1.1899999999999995
2023-04-21,4.17,2.9,1.27
2023-04-24,4.12,2.91,1.21
2023-04-25,3.86,2.87,0.9899999999999998
2023-04-26,3.9,2.71,1.19
2023-04-27,4.07,2.8,1.2700000000000005
2023-04-28,4.04,2.69,1.35
2023-05-02,3.97,2.74,1.23
2023-05-03,3.89,2.62,1.27
2023-05-04,3.75,2.62,1.13
2023-05-05,3.92,2.52,1.4
2023-05-08,4.0,2.6,1.4
2023-05-09,4.01,2.62,1.3899999999999997
2023-05-10,3.9,2.6,1.2999999999999998
2023-05-11,3.89,2.58,1.31
2023-05-12,3.98,2.56,1.42
2023-05-15,3.99,2.59,1.4000000000000004
2023-05-16,4.06,2.58,1.4799999999999995
2023-05-17,4.12,2.63,1.4900000000000002
2023-05-18,4.24,2.73,1.5100000000000002
2023-05-19,4.28,2.76,1.5200000000000005
2023-05-22,4.29,2.73,1.56
2023-05-23,4.26,2.82,1.44
2023-05-24,4.31,2.82,1.4899999999999998
2023-05-25,4.5,2.84,1.6600000000000001
2023-05-26,4.54,2.86,1.6800000000000002
2023-05-30,4.46,2.83,1.63
2023-05-31,4.4,2.72,1.6800000000000002
2023-06-01,4.33,2.75,1.58
2023-06-02,4.5,2.75,1.75
2023-06-05,4.46,2.84,1.62
2023-06-06,4.51,2.8,1.71
2023-06-07,4.56,2.86,1.6999999999999997
2023-06-08,4.52,2.9,1.6199999999999997
2023-06-09,4.59,2.91,1.6799999999999997
2023-06-12,4.55,2.89,1.6599999999999997
2023-06-13,4.67,2.92,1.75
2023-06-14,4.74,2.99,1.75
2023-06-15,4.62,3.06,1.56
2023-06-16,4.7,3.11,1.5900000000000003
2023-06-20,4.68,3.14,1.5399999999999996
2023-06-21,4.68,3.12,1.5599999999999996
2023-06-22,4.77,3.14,1.6299999999999994
2023-06-23,4.71,3.12,1.5899999999999999
2023-06-26,4.65,3.07,1.5800000000000005
2023-06-27,4.74,3.08,1.6600000000000001
2023-06-28,4.71,3.12,1.5899999999999999
2023-06-29,4.87,3.13,1.7400000000000002
2023-06-30,4.87,3.2,1.67
2023-07-03,4.94,3.21,1.7300000000000004
2023-07-05,4.94,3.18,1.7600000000000002
2023-07-06,4.99,3.25,1.7400000000000002
2023-07-07,4.94,3.25,1.6900000000000004
2023-07-10,4.85,3.26,1.5899999999999999
2023-07-11,4.88,3.27,1.6099999999999999
2023-07-12,4.72,3.28,1.44
2023-07-13,4.59,3.15,1.44
2023-07-14,4.74,3.18,1.56
2023-07-17,4.74,3.2,1.54
2023-07-18,4.74,3.06,1.6800000000000002
2023-07-19,4.74,2.98,1.7600000000000002
2023-07-20,4.8,3.08,1.7199999999999998
2023-07-21,4.82,3.11,1.7100000000000004
2023-07-24,4.81,3.0,1.8099999999999996
2023-07-25,4.85,3.05,1.7999999999999998
2023-07-26,4.82,3.07,1.7500000000000004
2023-07-27,4.91,3.1,1.81
2023-07-28,4.87,3.03,1.8400000000000003
2023-07-31,4.88,3.07,1.81
2023-08-01,4.92,3.03,1.8900000000000001
2023-08-02,4.88,3.0,1.88
2023-08-03,4.9,3.0,1.9000000000000004
2023-08-04,4.78,3.02,1.7600000000000002
2023-08-07,4.76,2.96,1.7999999999999998
2023-08-08,4.74,2.91,1.83
2023-08-09,4.79,2.91,1.88
2023-08-10,4.82,2.97,1.85
2023-08-11,4.89,2.97,1.9199999999999995
2023-08-14,4.96,3.02,1.94
2023-08-15,4.92,3.13,1.79
2023-08-16,4.97,3.09,1.88
2023-08-17,4.94,3.1,1.8400000000000003
2023-08-18,4.92,3.03,1.8900000000000001
2023-08-21,4.97,3.06,1.9099999999999997
2023-08-22,5.02,3.09,1.9299999999999997
2023-08-23,4.95,3.0,1.9500000000000002
2023-08-24,4.98,2.95,2.0300000000000002
2023-08-25,5.03,2.98,2.0500000000000003
2023-08-28,4.98,3.05,1.9300000000000006
2023-08-29,4.87,3.04,1.83
2023-08-30,4.9,3.08,1.8200000000000003
2023-08-31,4.85,3.0,1.8499999999999996
2023-09-01,4.87,2.96,1.9100000000000001
2023-09-05,4.94,3.02,1.9200000000000004
2023-09-06,5.01,3.05,1.96
2023-09-07,4.94,3.09,1.8500000000000005
2023-09-08,4.98,3.06,1.9200000000000004
2023-09-11,4.97,3.07,1.9
2023-09-12,4.98,3.09,1.8900000000000006
2023-09-13,4.96,3.16,1.7999999999999998
2023-09-14,5.0,3.15,1.85
2023-09-15,5.02,3.18,1.8399999999999994
2023-09-18,5.05,3.22,1.8299999999999996
2023-09-19,5.08,3.26,1.8200000000000003
2023-09-20,5.12,3.26,1.8600000000000003
2023-09-21,5.12,3.31,1.81
2023-09-22,5.1,3.24,1.8599999999999994
2023-09-25,5.09,3.25,1.8399999999999999
2023-09-26,5.04,3.22,1.8199999999999998
2023-09-27,5.1,3.21,1.8899999999999997
2023-09-28,5.04,3.26,1.7800000000000002
2023-09-29,5.03,3.23,1.8000000000000003
2023-10-02,5.12,3.21,1.9100000000000001
2023-10-03,5.15,3.22,1.9300000000000002
2023-10-04,5.05,3.22,1.8299999999999996
2023-10-05,5.03,3.19,1.8400000000000003
2023-10-06,5.08,3.13,1.9500000000000002
2023-10-10,4.96,3.07,1.8900000000000001
2023-10-11,4.99,3.08,1.9100000000000001
2023-10-12,5.06,3.11,1.9499999999999997
2023-10-13,5.04,3.13,1.9100000000000001
2023-10-16,5.09,3.15,1.94
2023-10-17,5.19,3.12,2.0700000000000003
2023-10-18,5.19,3.18,2.0100000000000002
2023-10-19,5.14,3.19,1.9499999999999997
2023-10-20,5.07,3.16,1.9100000000000001
2023-10-23,5.05,3.14,1.9099999999999997
2023-10-24,5.02,3.09,1.9299999999999997
2023-10-25,5.08,3.1,1.98
2023-10-26,5.02,3.11,1.9099999999999997
2023-10-27,4.99,3.04,1.9500000000000002
2023-10-30,5.03,3.01,2.0200000000000005
2023-10-31,5.07,3.0,2.0700000000000003
2023-11-01,4.95,3.01,1.9400000000000004
2023-11-02,4.98,2.95,2.0300000000000002
2023-11-03,4.83,3.0,1.83
2023-11-06,4.93,2.99,1.9399999999999995
2023-11-07,4.91,2.99,1.92
2023-11-08,4.93,2.99,1.9399999999999995
2023-11-09,5.03,3.0,2.0300000000000002
2023-11-10,5.04,3.04,2.0
2023-11-13,5.02,3.08,1.9399999999999995
2023-11-14,4.8,3.07,1.73
2023-11-15,4.9,2.98,1.9200000000000004
2023-11-16,4.83,3.0,1.83
2023-11-17,4.88,2.89,1.9899999999999998
2023-11-20,4.89,2.97,1.9199999999999995
2023-11-21,4.86,3.01,1.8500000000000005
2023-11-22,4.89,3.0,1.8899999999999997
2023-11-24,4.92,3.05,1.87
2023-11-27,4.84,3.06,1.7799999999999998
2023-11-28,4.73,2.97,1.7600000000000002
2023-11-29,4.64,2.86,1.7799999999999998
2023-11-30,4.73,2.78,1.9500000000000006
2023-12-01,4.56,2.77,1.7899999999999996
2023-12-04,4.64,2.69,1.9499999999999997
2023-12-05,4.57,2.63,1.9400000000000004
2023-12-06,4.6,2.63,1.9699999999999998
2023-12-07,4.58,2.58,2.0
2023-12-08,4.71,2.62,2.09
2023-12-11,4.71,2.68,2.03
2023-12-12,4.73,2.68,2.0500000000000003
2023-12-13,4.46,2.7,1.7599999999999998
2023-12-14,4.37,2.49,1.88
2023-12-15,4.44,2.51,1.9300000000000006
2023-12-18,4.43,2.49,1.9399999999999995
2023-12-19,4.41,2.52,1.8900000000000001
2023-12-20,4.34,2.46,1.88
2023-12-21,4.33,2.46,1.87
2023-12-22,4.31,2.43,1.8799999999999994
2023-12-27,4.2,2.4,1.8000000000000003
2023-12-28,4.26,2.38,1.88
2023-12-29,4.23,2.39,1.8400000000000003
2024-01-02,4.33,2.45,1.88
2024-01-03,4.33,2.44,1.8900000000000001
2024-01-04,4.38,2.44,1.94
2024-01-05,4.4,2.57,1.8300000000000005
2024-01-08,4.36,2.57,1.7900000000000005
2024-01-09,4.36,2.58,1.7800000000000002
2024-01-10,4.37,2.6,1.77
2024-01-11,4.26,2.64,1.6199999999999997
2024-01-12,4.14,2.56,1.5799999999999996
2024-01-16,4.22,2.57,1.65
2024-01-17,4.34,2.62,1.7199999999999998
2024-01-18,4.34,2.67,1.67
2024-01-19,4.39,2.68,1.7099999999999995
2024-01-22,4.37,2.68,1.69
2024-01-23,4.31,2.68,1.6299999999999994
2024-01-24,4.34,2.69,1.65
2024-01-25,4.28,2.72,1.56
2024-01-26,4.34,2.58,1.7599999999999998
2024-01-29,4.29,2.56,1.73
2024-01-30,4.36,2.5,1.8600000000000003
2024-01-31,4.27,2.5,1.7699999999999996
2024-02-01,4.2,2.47,1.73
2024-02-02,4.36,2.5,1.8600000000000003
2024-02-05,4.46,2.59,1.87
2024-02-06,4.39,2.61,1.7799999999999998
2024-02-07,4.41,2.6,1.81
2024-02-08,4.46,2.62,1.8399999999999999
2024-02-09,4.48,2.68,1.8000000000000003
2024-02-12,4.46,2.68,1.7799999999999998
2024-02-13,4.64,2.69,1.9499999999999997
2024-02-14,4.56,2.73,1.8299999999999996
2024-02-15,4.56,2.71,1.8499999999999996
2024-02-16,4.64,2.76,1.88
2024-02-20,4.59,2.79,1.7999999999999998
2024-02-21,4.64,2.78,1.8599999999999999
2024-02-22,4.69,2.87,1.8200000000000003
2024-02-23,4.67,2.94,1.73
2024-02-26,4.69,2.87,1.8200000000000003
2024-02-27,4.7,2.89,1.81
2024-02-28,4.64,2.9,1.7399999999999998
2024-02-29,4.64,2.97,1.6699999999999995
2024-03-01,4.54,2.9,1.6400000000000001
2024-03-04,4.61,2.87,1.7400000000000002
2024-03-05,4.54,2.89,1.65
2024-03-06,4.55,2.87,1.6799999999999997
2024-03-07,4.5,2.84,1.6600000000000001
2024-03-08,4.48,2.77,1.7100000000000004
2024-03-11,4.51,2.76,1.75
2024-03-12,4.58,2.8,1.7800000000000002
2024-03-13,4.61,2.83,1.7800000000000002
2024-03-14,4.68,2.88,1.7999999999999998
2024-03-15,4.72,2.93,1.7899999999999996
2024-03-18,4.73,2.95,1.7800000000000002
2024-03-19,4.68,2.92,1.7599999999999998
2024-03-20,4.59,2.9,1.69
2024-03-21,4.62,2.86,1.7600000000000002
2024-03-22,4.59,2.85,1.7399999999999998
2024-03-25,4.54,2.83,1.71
2024-03-26,4.56,2.85,1.7099999999999995
2024-03-27,4.54,2.84,1.7000000000000002
2024-03-28,4.59,2.86,1.73
2024-04-02,4.7,2.84,1.8600000000000003
2024-04-03,4.68,2.84,1.8399999999999999
2024-04-04,4.65,2.84,1.8100000000000005
2024-04-05,4.73,2.85,1.8800000000000003
2024-04-08,4.78,2.92,1.8600000000000003
2024-04-09,4.74,2.92,1.8200000000000003
2024-04-10,4.97,2.87,2.0999999999999996
2024-04-11,4.93,2.98,1.9499999999999997
2024-04-12,4.88,2.9,1.98
2024-04-15,4.93,2.87,2.0599999999999996
2024-04-16,4.97,2.9,2.07
2024-04-17,4.93,2.94,1.9899999999999998
2024-04-18,4.98,2.94,2.0400000000000005
2024-04-19,4.97,2.97,1.9999999999999996
2024-04-22,4.97,3.02,1.9499999999999997
2024-04-23,4.86,2.91,1.9500000000000002
2024-04-24,4.89,2.93,1.9599999999999995
2024-04-25,4.96,2.95,2.01
2024-04-26,4.96,3.0,1.96
2024-04-29,4.97,2.94,2.03
2024-04-30,5.04,2.98,2.06
2024-05-02,4.87,2.99,1.88
2024-05-03,4.81,2.97,1.8399999999999994
2024-05-06,4.82,2.89,1.9300000000000002
2024-05-07,4.82,2.89,1.9300000000000002
2024-05-08,4.84,2.92,1.92
2024-05-09,4.8,2.95,1.8499999999999996
2024-05-10,4.87,2.93,1.94
2024-05-13,4.85,2.96,1.8899999999999997
2024-05-14,4.81,2.94,1.8699999999999997
2024-05-15,4.73,2.94,1.7900000000000005
2024-05-16,4.78,2.91,1.87
2024-05-17,4.83,2.94,1.8900000000000001
2024-05-20,4.82,2.98,1.8400000000000003
2024-05-21,4.82,2.98,1.8400000000000003
2024-05-22,4.86,3.0,1.8600000000000003
2024-05-23,4.91,3.03,1.8800000000000003
2024-05-24,4.93,3.07,1.8599999999999999
2024-05-28,4.94,3.04,1.9000000000000004
2024-05-29,4.96,3.06,1.9
2024-05-30,4.92,3.09,1.83
2024-05-31,4.89,3.12,1.7699999999999996
2024-06-03,4.82,3.08,1.7400000000000002
2024-06-04,4.77,3.01,1.7599999999999998
2024-06-05,4.72,3.0,1.7199999999999998
2024-06-06,4.72,2.99,1.7299999999999995
2024-06-07,4.87,3.04,1.83
2024-06-10,4.87,3.07,1.8000000000000003
2024-06-11,4.81,3.06,1.7499999999999996
2024-06-12,4.75,3.01,1.7400000000000002
2024-06-13,4.68,2.98,1.6999999999999997
2024-06-14,4.67,2.78,1.8900000000000001
2024-06-17,4.75,2.77,1.98
2024-06-18,4.69,2.84,1.8500000000000005
2024-06-20,4.7,2.83,1.87
2024-06-21,4.7,2.76,1.9400000000000004
2024-06-24,4.71,2.79,1.92
2024-06-25,4.65,2.8,1.8500000000000005
2024-06-26,4.71,2.82,1.8900000000000001
2024-06-27,4.7,2.82,1.8800000000000003
2024-06-28,4.71,2.81,1.9
2024-07-01,4.77,2.92,1.8499999999999996
2024-07-02,4.74,2.9,1.8400000000000003
2024-07-03,4.71,2.94,1.77
2024-07-05,4.6,2.94,1.6599999999999997
2024-07-08,4.62,2.92,1.7000000000000002
2024-07-09,4.62,2.92,1.7000000000000002
2024-07-10,4.62,2.9,1.7200000000000002
2024-07-11,4.5,2.9,1.6
2024-07-12,4.45,2.82,1.6300000000000003
2024-07-15,4.44,2.79,1.6500000000000004
2024-07-16,4.43,2.76,1.67
2024-07-17,4.42,2.75,1.67
2024-07-18,4.46,2.78,1.6800000000000002
2024-07-19,4.49,2.74,1.75
2024-07-22,4.5,2.8,1.7000000000000002
2024-07-23,4.4,2.74,1.6600000000000001
2024-07-24,4.37,2.68,1.69
2024-07-25,4.41,2.61,1.8000000000000003
2024-07-26,4.36,2.64,1.7200000000000002
2024-07-29,4.36,2.58,1.7800000000000002
2024-07-30,4.35,2.6,1.7499999999999996
2024-07-31,4.29,2.54,1.75
2024-08-01,4.16,2.51,1.6500000000000004
2024-08-02,3.88,2.43,1.4499999999999997
2024-08-05,3.89,2.25,1.6400000000000001
2024-08-06,3.99,2.36,1.6300000000000003
2024-08-07,4.0,2.43,1.5699999999999998
2024-08-08,4.04,2.35,1.69
2024-08-09,4.05,2.4,1.65
2024-08-12,4.01,2.39,1.6199999999999997
2024-08-13,3.93,2.38,1.5500000000000003
2024-08-14,3.94,2.35,1.5899999999999999
2024-08-15,4.08,2.36,1.7200000000000002
2024-08-16,4.06,2.43,1.6299999999999994
2024-08-19,4.06,2.4,1.6599999999999997
2024-08-20,3.99,2.43,1.56
2024-08-21,3.92,2.39,1.5299999999999998
2024-08-22,3.99,2.37,1.62
2024-08-23,3.9,2.41,1.4899999999999998
2024-08-26,3.91,2.37,1.54
2024-08-27,3.83,2.4,1.4300000000000002
2024-08-28,3.83,2.38,1.4500000000000002
2024-08-29,3.87,2.34,1.5300000000000002
2024-08-30,3.91,2.35,1.56
2024-09-03,3.88,2.42,1.46
2024-09-04,3.76,2.34,1.42
2024-09-05,3.75,2.31,1.44
2024-09-06,3.66,2.26,1.4000000000000004
2024-09-09,3.68,2.27,1.4100000000000001
2024-09-10,3.59,2.21,1.38
2024-09-11,3.62,2.15,1.4700000000000002
2024-09-12,3.64,2.19,1.4500000000000002
2024-09-13,3.57,2.19,1.38
2024-09-16,3.56,2.22,1.3399999999999999
2024-09-17,3.59,2.17,1.42
2024-09-18,3.61,2.24,1.3699999999999997
2024-09-19,3.59,2.25,1.3399999999999999
2024-09-20,3.55,2.21,1.3399999999999999
2024-09-23,3.57,2.16,1.4099999999999997
2024-09-24,3.49,2.14,1.35
2024-09-25,3.53,2.11,1.42
2024-09-26,3.6,2.08,1.52
2024-09-27,3.55,2.08,1.4699999999999998
2024-09-30,3.66,2.11,1.5500000000000003
2024-10-01,3.61,2.04,1.5699999999999998
2024-10-02,3.63,2.04,1.5899999999999999
2024-10-03,3.7,2.06,1.6400000000000001
2024-10-04,3.93,2.12,1.81
2024-10-07,3.99,2.25,1.7400000000000002
2024-10-08,3.98,2.23,1.75
2024-10-09,3.99,2.22,1.77
2024-10-10,3.98,2.28,1.7000000000000002
2024-10-11,3.95,2.25,1.7000000000000002
2024-10-15,3.95,2.22,1.73
2024-10-16,3.93,2.18,1.75
2024-10-17,3.96,2.19,1.77
2024-10-18,3.95,2.12,1.83
2024-10-21,4.02,2.13,1.8899999999999997
2024-10-22,4.03,2.16,1.87
2024-10-23,4.07,2.11,1.9600000000000004
2024-10-24,4.07,2.06,2.0100000000000002
2024-10-25,4.11,2.1,2.0100000000000002
2024-10-28,4.12,2.08,2.04
2024-10-29,4.11,2.12,1.9900000000000002
2024-10-30,4.15,2.15,2.0000000000000004
2024-10-31,4.16,2.27,1.8900000000000001
2024-11-01,4.21,2.26,1.9500000000000002
2024-11-04,4.17,2.28,1.8900000000000001
2024-11-05,4.19,2.28,1.9100000000000006
2024-11-06,4.27,2.19,2.0799999999999996
2024-11-07,4.21,2.21,2.0
2024-11-08,4.26,2.19,2.07
2024-11-12,4.34,2.11,2.23
2024-11-13,4.27,2.15,2.1199999999999997
2024-11-14,4.34,2.13,2.21
2024-11-15,4.31,2.09,2.2199999999999998
2024-11-18,4.29,2.18,2.11
2024-11-19,4.27,2.1,2.1699999999999995
2024-11-20,4.31,2.14,2.1699999999999995
2024-11-21,4.34,2.08,2.26
2024-11-22,4.37,1.98,2.39
2024-11-25,4.21,2.03,2.18
2024-11-26,4.21,2.01,2.2
2024-11-27,4.19,2.0,2.1900000000000004
2024-11-29,4.13,2.01,2.12
2024-12-02,4.17,1.9,2.27
2024-12-03,4.17,1.94,2.23
2024-12-04,4.13,1.96,2.17
2024-12-05,4.15,1.96,2.1900000000000004
2024-12-06,4.1,2.04,2.0599999999999996
2024-12-09,4.13,2.0,2.13
2024-12-10,4.15,1.99,2.16
2024-12-11,4.15,1.95,2.2
2024-12-12,4.18,1.97,2.21
2024-12-13,4.25,2.03,2.22
2024-12-16,4.25,2.04,2.21
2024-12-17,4.25,2.04,2.21
2024-12-18,4.35,2.03,2.32
2024-12-19,4.32,2.04,2.2800000000000002
2024-12-20,4.3,2.02,2.28
2024-12-23,4.3,2.03,2.27
2024-12-27,4.31,2.09,2.2199999999999998
2024-12-30,4.24,2.09,2.1500000000000004
2025-01-02,4.25,2.06,2.19
2025-01-03,4.28,2.12,2.16
2025-01-06,4.28,2.19,2.0900000000000003
2025-01-07,4.3,2.18,2.1199999999999997
2025-01-08,4.28,2.19,2.0900000000000003
2025-01-09,4.27,2.22,2.0499999999999994
2025-01-10,4.4,2.25,2.1500000000000004
2025-01-13,4.4,2.3,2.1000000000000005
2025-01-14,4.37,2.28,2.0900000000000003
2025-01-15,4.27,2.29,1.9799999999999995
2025-01-16,4.23,2.26,1.9700000000000006
2025-01-17,4.27,2.22,2.0499999999999994
2025-01-21,4.29,2.22,2.07
2025-01-22,4.29,2.21,2.08
2025-01-23,4.29,2.23,2.06
2025-01-24,4.27,2.28,1.9899999999999998
2025-01-27,4.17,2.25,1.92
2025-01-28,4.19,2.26,1.9300000000000006
2025-01-29,4.21,2.24,1.9699999999999998
2025-01-30,4.18,2.22,1.9599999999999995
2025-01-31,4.22,2.13,2.09
2025-02-03,4.26,2.04,2.2199999999999998
2025-02-04,4.21,2.07,2.14
2025-02-05,4.17,2.01,2.16
2025-02-06,4.21,2.06,2.15
2025-02-07,4.29,2.05,2.24
2025-02-10,4.28,2.04,2.24
2025-02-11,4.29,2.05,2.24
2025-02-12,4.36,2.11,2.2500000000000004
2025-02-13,4.31,2.13,2.1799999999999997
2025-02-14,4.26,2.08,2.1799999999999997
2025-02-18,4.29,2.14,2.15
2025-02-19,4.28,2.14,2.14
2025-02-20,4.28,2.16,2.12
2025-02-21,4.19,2.12,2.0700000000000003
2025-02-24,4.13,2.09,2.04
2025-02-25,4.07,2.07,2.0000000000000004
2025-02-26,4.05,2.06,1.9899999999999998
2025-02-27,4.07,2.05,2.0200000000000005
2025-02-28,3.99,2.0,1.9900000000000002
2025-03-03,3.96,2.05,1.9100000000000001
2025-03-04,3.96,2.02,1.94
2025-03-05,3.99,2.17,1.8200000000000003
2025-03-06,3.96,2.24,1.7199999999999998
2025-03-07,3.99,2.23,1.7600000000000002
2025-03-10,3.89,2.21,1.6800000000000002
2025-03-11,3.94,2.22,1.7199999999999998
2025-03-12,4.01,2.23,1.7799999999999998
2025-03-13,3.94,2.23,1.71
2025-03-14,4.02,2.19,1.8299999999999996
2025-03-17,4.06,2.17,1.8899999999999997
2025-03-18,4.04,2.19,1.85
2025-03-19,3.99,2.16,1.83
2025-03-20,3.95,2.16,1.79
2025-03-21,3.94,2.14,1.7999999999999998
2025-03-24,4.04,2.13,1.9100000000000001
2025-03-25,3.96,2.15,1.81
2025-03-26,3.98,2.12,1.8599999999999999
2025-03-27,3.97,2.09,1.8800000000000003
2025-03-28,3.89,2.04,1.85
2025-03-31,3.89,1.98,1.9100000000000001
2025-04-01,3.87,2.01,1.8600000000000003
2025-04-02,3.91,2.01,1.9000000000000004
2025-04-03,3.71,1.93,1.78
2025-04-04,3.68,1.85,1.83
2025-04-07,3.73,1.65,2.08
2025-04-08,3.71,1.85,1.8599999999999999
2025-04-09,3.91,1.75,2.16
2025-04-10,3.84,1.83,2.01
2025-04-11,3.96,1.73,2.23
2025-04-14,3.84,1.77,2.07
2025-04-15,3.84,1.76,2.08
2025-04-16,3.77,1.73,2.04
2025-04-17,3.81,1.79,2.02
2025-04-22,3.76,1.68,2.08
2025-04-23,3.81,1.73,2.08
2025-04-24,3.77,1.71,2.06
2025-04-25,3.74,1.73,2.0100000000000002
2025-04-28,3.67,1.74,1.93
2025-04-29,3.65,1.72,1.93
2025-04-30,3.6,1.72,1.8800000000000001
2025-05-02,3.83,1.73,2.1
2025-05-05,3.83,1.77,2.06
2025-05-06,3.78,1.76,2.0199999999999996
2025-05-07,3.78,1.75,2.03
2025-05-08,3.9,1.75,2.15
2025-05-09,3.88,1.8,2.08
2025-05-12,3.98,1.9,2.08
2025-05-13,4.02,1.93,2.09
2025-05-14,4.05,1.93,2.12
2025-05-15,3.96,1.91,2.05
2025-05-16,3.98,1.85,2.13
2025-05-19,3.97,1.87,2.1
2025-05-20,3.97,1.82,2.1500000000000004
2025-05-21,4.0,1.87,2.13
2025-05-22,4.0,1.83,2.17
2025-05-23,4.0,1.83,2.17
2025-05-27,3.92,1.77,2.15
2025-05-28,3.96,1.8,2.16
2025-05-29,3.92,1.81,2.11
2025-05-30,3.89,1.78,2.1100000000000003
2025-06-02,3.94,1.8,2.1399999999999997
2025-06-03,3.96,1.78,2.1799999999999997
2025-06-04,3.87,1.79,2.08
2025-06-05,3.92,1.78,2.1399999999999997
2025-06-06,4.04,1.84,2.2
2025-06-09,4.01,1.85,2.1599999999999997
2025-06-10,4.01,1.85,2.1599999999999997
2025-06-11,3.94,1.85,2.09
2025-06-12,3.9,1.82,2.08
2025-06-13,3.96,1.83,2.13
2025-06-16,3.97,1.86,2.1100000000000003
2025-06-17,3.94,1.85,2.09
2025-06-18,3.94,1.86,2.08
2025-06-20,3.9,1.84,2.0599999999999996
2025-06-23,3.84,1.87,1.9699999999999998
2025-06-24,3.75,1.84,1.91
2025-06-25,3.74,1.84,1.9000000000000001
2025-06-26,3.7,1.83,1.87
2025-06-27,3.73,1.83,1.9
2025-06-30,3.72,1.84,1.8800000000000001
2025-07-01,3.78,1.83,1.9499999999999997
2025-07-02,3.78,1.85,1.9299999999999997
2025-07-03,3.88,1.85,2.03
2025-07-07,3.9,1.82,2.08
2025-07-08,3.9,1.87,2.03
2025-07-09,3.86,1.87,1.9899999999999998
2025-07-10,3.86,1.86,1.9999999999999998
2025-07-11,3.9,1.9,2.0
2025-07-14,3.9,1.87,2.03
2025-07-15,3.95,1.87,2.08
2025-07-16,3.88,1.88,2.0
2025-07-17,3.91,1.86,2.05
2025-07-18,3.88,1.88,2.0
2025-07-21,3.85,1.84,2.01
2025-07-22,3.83,1.83,2.0
2025-07-23,3.88,1.83,2.05
2025-07-24,3.91,1.86,2.05
2025-07-25,3.91,1.96,1.9500000000000002
2025-07-28,3.91,1.93,1.9800000000000002
2025-07-29,3.86,1.93,1.93
2025-07-30,3.94,1.94,2.0
2025-07-31,3.94,1.97,1.97
2025-08-01,3.69,1.96,1.73
2025-08-04,3.69,1.93,1.76
2025-08-05,3.72,1.9,1.8200000000000003
2025-08-06,3.69,1.91,1.78
2025-08-07,3.72,1.9,1.8200000000000003
2025-08-08,3.76,1.94,1.8199999999999998
2025-08-11,3.76,1.95,1.8099999999999998
2025-08-12,3.72,1.96,1.7600000000000002
2025-08-13,3.67,1.94,1.73
2025-08-14,3.74,1.92,1.8200000000000003
2025-08-15,3.75,1.94,1.81
2025-08-18,3.77,1.96,1.81
2025-08-19,3.75,1.97,1.78
2025-08-20,3.74,1.94,1.8000000000000003
2025-08-21,3.79,1.96,1.83
2025-08-22,3.68,1.97,1.7100000000000002
2025-08-25,3.73,1.97,1.76
2025-08-26,3.61,1.94,1.67
2025-08-27,3.59,1.93,1.66
2025-08-28,3.62,1.93,1.6900000000000002
2025-08-29,3.59,1.93,1.66
2025-09-02,3.66,1.97,1.6900000000000002
2025-09-03,3.61,1.97,1.64
2025-09-04,3.59,1.95,1.64
2025-09-05,3.51,1.96,1.5499999999999998
2025-09-08,3.49,1.93,1.5600000000000003
2025-09-09,3.54,1.93,1.61
2025-09-10,3.54,1.94,1.6
2025-09-11,3.52,1.97,1.55
2025-09-12,3.56,2.02,1.54
2025-09-15,3.54,2.0,1.54
2025-09-16,3.51,2.02,1.4899999999999998
2025-09-17,3.52,2.0,1.52
2025-09-18,3.57,2.0,1.5699999999999998
2025-09-19,3.57,2.01,1.56
2025-09-22,3.61,2.01,1.6
2025-09-23,3.53,2.02,1.5099999999999998
2025-09-24,3.57,2.02,1.5499999999999998
2025-09-25,3.64,2.02,1.62
2025-09-26,3.63,2.04,1.5899999999999999
2025-09-29,3.63,2.02,1.6099999999999999
2025-09-30,3.6,2.02,1.58
2025-10-01,3.55,2.02,1.5299999999999998
2025-10-02,3.55,2.01,1.54
2025-10-03,3.58,2.02,1.56
2025-10-06,3.6,2.0,1.6
2025-10-07,3.57,2.01,1.56
2025-10-08,3.58,1.99,1.59
2025-10-09,3.6,1.99,1.61
2025-10-10,3.52,1.99,1.53
2025-10-14,3.48,1.91,1.57
2025-10-15,3.5,1.92,1.58
2025-10-16,3.41,1.92,1.4900000000000002
2025-10-17,3.46,1.88,1.58
2025-10-20,3.46,1.92,1.54
2025-10-21,3.45,1.92,1.5300000000000002
2025-10-22,3.45,1.9,1.5500000000000003
2025-10-23,3.48,1.92,1.56
2025-10-24,3.48,1.96,1.52
2025-10-27,3.48,1.98,1.5
2025-10-28,3.47,1.97,1.5000000000000002
2025-10-29,3.59,1.98,1.6099999999999999
2025-10-30,3.61,2.0,1.6099999999999999
2025-10-31,3.6,1.99,1.61
2025-11-03,3.6,1.98,1.62
2025-11-04,3.58,1.99,1.59
2025-11-05,3.63,1.99,1.64
2025-11-06,3.57,1.99,1.5799999999999998
2025-11-07,3.55,2.0,1.5499999999999998
2025-11-10,3.58,2.0,1.58
2025-11-12,3.56,2.01,1.5500000000000003
2025-11-13,3.58,2.0,1.58
2025-11-14,3.62,2.03,1.5900000000000003
2025-11-17,3.6,2.03,1.5700000000000003
2025-11-18,3.58,2.02,1.56
2025-11-19,3.58,2.01,1.5700000000000003
2025-11-20,3.55,2.02,1.5299999999999998
2025-11-21,3.51,1.99,1.5199999999999998
2025-11-24,3.46,2.01,1.4500000000000002
2025-11-25,3.43,2.01,1.4200000000000004
2025-11-26,3.45,2.01,1.4400000000000004
2025-11-28,3.47,2.03,1.4400000000000004
2025-12-01,3.54,2.04,1.5
2025-12-02,3.51,2.06,1.4499999999999997
2025-12-03,3.49,2.05,1.4400000000000004
2025-12-04,3.52,2.07,1.4500000000000002
2025-12-05,3.56,2.07,1.4900000000000002
2025-12-08,3.57,2.13,1.44
2025-12-09,3.61,2.15,1.46
2025-12-10,3.54,2.19,1.35
2025-12-11,3.52,2.17,1.35
2025-12-12,3.52,2.16,1.3599999999999999
2025-12-15,3.51,2.15,1.3599999999999999
2025-12-16,3.48,2.14,1.3399999999999999
2025-12-17,3.49,2.13,1.3600000000000003
2025-12-18,3.46,2.12,1.3399999999999999
2025-12-19,3.48,2.14,1.3399999999999999
2025-12-22,3.44,2.15,1.29
2025-12-23,3.48,2.14,1.3399999999999999
2025-12-29,3.45,2.13,1.3200000000000003
2025-12-30,3.45,2.12,1.33
2026-01-02,3.47,2.12,1.35
2026-01-05,3.46,2.14,1.3199999999999998
2026-01-06,3.47,2.11,1.3600000000000003
2026-01-07,3.47,2.08,1.3900000000000001
2026-01-08,3.49,2.1,1.3900000000000001
2026-01-09,3.54,2.1,1.44
2026-01-12,3.54,2.1,1.44
2026-01-13,3.53,2.11,1.42
2026-01-14,3.51,2.09,1.42
2026-01-15,3.56,2.08,1.48
2026-01-16,3.59,2.1,1.4899999999999998
2026-01-20,3.6,2.08,1.52
2026-01-21,3.6,2.06,1.54
2026-01-22,3.61,2.09,1.52
2026-01-23,3.6,2.13,1.4700000000000002
2026-01-26,3.56,2.11,1.4500000000000002
2026-01-27,3.53,2.14,1.3899999999999997
2026-01-28,3.56,2.09,1.4700000000000002
2026-01-29,3.53,2.09,1.44
2026-01-30,3.52,2.08,1.44
2026-02-02,3.57,2.09,1.48
2026-02-03,3.57,2.12,1.4499999999999997
2026-02-04,3.57,2.11,1.46
2026-02-05,3.47,2.09,1.3800000000000003
2026-02-06,3.5,2.07,1.4300000000000002
2026-02-09,3.48,2.09,1.3900000000000001
2026-02-10,3.45,2.07,1.3800000000000003
2026-02-11,3.52,2.06,1.46
2026-02-12,3.47,2.07,1.4000000000000004
2026-02-13,3.4,2.05,1.35
2026-02-17,3.43,2.03,1.4000000000000004
2026-02-18,3.47,2.04,1.4300000000000002
2026-02-19,3.47,2.06,1.4100000000000001
2026-02-20,3.48,2.05,1.4300000000000002
2026-02-23,3.43,2.05,1.3800000000000003
2026-02-24,3.43,2.03,1.4000000000000004
2026-02-25,3.45,2.05,1.4000000000000004
2026-02-26,3.42,2.04,1.38
2026-02-27,3.38,2.03,1.35
2026-03-02,3.47,2.03,1.4400000000000004
2026-03-03,3.51,2.19,1.3199999999999998
2026-03-04,3.54,2.17,1.37
2026-03-05,3.57,2.18,1.3899999999999997
2026-03-06,3.56,2.27,1.29
2026-03-09,3.56,2.4,1.1600000000000001
2026-03-10,3.57,2.26,1.31
2026-03-11,3.64,2.33,1.31
2026-03-12,3.76,2.38,1.38
2026-03-13,3.73,2.39,1.3399999999999999
2026-03-16,3.68,2.4,1.2800000000000002
2026-03-17,3.68,2.38,1.3000000000000003
2026-03-18,3.76,2.37,1.3899999999999997
2026-03-19,3.79,2.51,1.2800000000000002
2026-03-20,3.88,2.62,1.2599999999999998
2026-03-23,3.83,2.74,1.0899999999999999
2026-03-24,3.9,2.6,1.2999999999999998
